559FA0	철갑선
559FB0	목재\n가공
559FC0	배락화시
559FD0	폭렬\n화살
559FF0	축성\n학당
55A008	대\n저택
55A018	견고한\n문
55A028	철포\n벽
55A038	철\n문
55A048	3층\n천수
55A058	석\n벽
55A068	외곽\n보루
55A078	포대
55A080	4층\n천수
55A090	사나다\n천수
55A0A8	내정\n학당
55A0B8	파발\n마
55A0C8	품종\n개량
55A0E0	관개\n시설
55A100	발파\n채굴
55A118	철포\n망루
55A130	분업\n체제
55A150	회계\n장부
55A160	의약
55A170	곡물\n창고
55A188	오리지널
55A198	성
55A1A0	성 1
55A1B0	성 2
55A1C0	성 3
55A1D0	성 4
55A1E0	성 5
55A1F0	성 6
55A200	성 7
55A210	요새
55A220	항구
55A228	촌락
55A230	진지
55A240	공방
55A248	시장
55A250	사찰
55A258	회소
55A260	거류지
55A268	밭
55A270	어장
55A278	논
55A280	상점
55A288	교역\n소
55A298	충차\n공방
55A2A8	정란\n공방
55A2B8	대포\n공방
55A2C8	조선소
55A2E0	중형\n조선소
55A2F0	대형\n조선소
55A300	망루
55A308	철포 망루
55A318	병영
55A328	대장간
55A338	목욕탕
55A348	작업장
55A358	닌자\n마을
55A368	금\n광산
55A378	은\n광산
55A388	위장
55A390	아시가루
55A3A0	기마
55A3A8	궁
55A3B0	철포
55A3B8	병기
55A3C0	수군
55A3C8	축성
55A3D8	내정
55A3E0	학당
55A3F0	원군
55A400	포위망
55A410	포로
55A420	여름/겨울\n수확
55A438	기술
55A448	파견중
55A458	기본
55A460	자원
55A470	외교
55A480	군사
55A490	배
55A498	기술
55A4A8	축성
55A4B8	물자
55A4C8	관련
55A500	선택
55A510	(%d, %d)
55A520	시설
55A530	독음
55A538	분류
55A548	비용
55A550	생산
55A560	총내구
55A568	규모
55A570	파괴
55A580	기술\n계통
55A590	필요\n기술
55A5A0	성
55A5A8	본\n거점
55A5B8	요새
55A5C8	항구
55A5D0	망루
55A5D8	교역\n소
55A5E8	밭
55A5F0	거점
55A5F8	병량
55A600	금
55A608	학당
55A610	병기
55A618	배
55A620	특수
55A628	방어
55A630	기타
55A638	시설
55A650	금전\n시설
55A670	농업\n시설
55A690	학당\n시설
55A6B0	병기\n시설
55A6C8	수군\n시설
55A6E0	특수\n시설
55A700	방어\n시설
55A718	설명
55A730	번호
55A738	상세
55A748	국
55A758	가문
55A760	거점
55A768	무장
55A778	포로
55A788	병력
55A790	부상병
55A798	금
55A7A0	금\n수입
55A7B0	금\n지출
55A7C0	수입
55A7C8	병량
55A7D0	봄\n수확
55A7E0	여름\n수확
55A7F0	가을\n수확
55A800	겨울\n수확
55A810	다음\n수확
55A820	군마
55A828	철포
55A830	충차
55A838	정란
55A840	대포
55A848	관선
55A850	안택선
55A860	철갑\n선
55A870	공격
55A878	목표
55A880	수송
55A890	목적지
55A8A0	금전\n중시
55A8B0	병량\n중시
55A8D0	기술\n중시
55A8E8	병력\n중시
55A900	군마\n중시
55A918	철포\n중시
55A928	병기\n중시
55A938	수군\n중시
55A950	등용\n중시
55A970	국\n수
55A980	기본\n녹봉
55A990	포로\n인수
55A9B0	포로\n송환
55A9D0	석방까지 일수A
55A9F0	석방까지 일수B
55AA08	성
55AA10	성 1
55AA20	성 2
55AA30	성 3
55AA40	성 4
55AA50	성 5
55AA60	성 6
55AA70	성 7
55AA80	요새
55AA90	항구
55AA98	촌락
55AAA0	진지
55AAB0	공방
55AAB8	시장
55AAC0	사찰
55AAC8	회소
55AAD0	거류지
55AAD8	밭
55AAE0	어장
55AAE8	논
55AAF0	상점
55AAF8	교역\n소
55AB10	아시가루\n학당
55AB30	기마\n학당
55AB40	궁\n학당
55AB50	철포\n학당
55AB60	병기\n학당
55AB70	수군\n학당
55AB80	축성\n학당
55AB98	내정\n학당
55ABA8	충차\n공방
55ABB8	정란\n공방
55ABC8	대포\n공방
55ABD8	조선소
55ABF0	중형\n조선소
55AC00	대형\n조선소
55AC10	망루
55AC18	철포\n망루
55AC28	병영
55AC38	목장
55AC40	대장간
55AC50	목욕탕
55AC60	작업장
55AC70	닌자\n마을
55AC80	금\n광산
55AC90	은\n광산
55ACA0	위장
55ACB0	여름/겨울\n수확
55ACC8	기본
55ACD0	군사
55ACE0	배
55ACE8	명령
55ACF0	관련
55ACF8	자원
55AD38	종류
55AD40	독음
55AD48	분류
55AD58	기동
55AD68	사거리
55AD70	공격
55AD78	공작
55AD88	방어
55AD90	공격 전
55ADA0	공격 후
55ADB0	공격\n간격
55ADC0	설명
55ADD8	번호
55ADE0	찌르기
55ADE8	관통
55ADF0	꿰뚫기
55ADF8	창벽
55AE00	창돌격
55AE08	위압
55AE10	돌파
55AE18	돌진
55AE20	돌격
55AE28	협공
55AE30	유린
55AE38	맹진
55AE40	사격
55AE48	화시
55AE50	일제사
55AE58	연사
55AE68	저격
55AE70	발포
55AE80	난사
55AE88	탄막
55AE90	맹사격
55AE98	일제포
55AEA0	도발
55AEA8	고무
55AEB0	위협
55AEC0	혼란
55AEC8	매료
55AED8	분단
55AEE0	치료
55AEE8	화우
55AEF8	투석
55AF00	낙석
55AF10	화염탄
55AF20	배락화시
55AF30	상세
55AF40	가보
55AF48	독음
55AF50	전법
55AF58	가문
55AF60	소유자
55AF68	품질
55AF70	종류
55AF78	상태
55AF80	생산\n지역
55AF90	효과
55AF98	가격
55AFA8	번호
55AFB0	상세
55AFB8	관련
55AFC8	%s, %s +%d
55AFD8	관위
55AFE0	독음
55AFE8	가문
55AFF0	무장
55AFF8	등급
55B000	효과
55B010	번호
55B018	명성
55B020	조건
55B038	기술
55B048	독음
55B050	분류
55B060	적성
55B070	학당
55B078	비용
55B080	필요\n기술
55B090	설명
55B0A0	조건
55B0B0	난이도
55B0C0	오리지널\n기술
55B0E8	상세
55B0F0	관련
55B100	전법
55B108	독음
55B110	위력
55B118	기세
55B120	습득\n경험
55B138	대\n거점
55B148	분류
55B158	설명
55B170	번호
55B178	아시가루
55B188	기마
55B190	궁
55B198	기마\n궁
55B1A8	철포
55B1B0	기마총
55B1B8	충차
55B1C0	정란
55B1C8	대포
55B1D0	수송\n부대
55B1E0	건설\n부대
55B1F8	소선
55B200	관선
55B208	안택선
55B210	철갑선
55B220	상세
55B230	%3d%%
55B260	%-10s %-16s %-10s
55B278	%s
55B280	%s, %s
55B290	%s, %s, %s
55B2C0	부대
55B2C8	가문
55B2D0	국
55B2E0	거점
55B2E8	위치
55B2F8	다이묘
55B318	병력
55B320	부상병
55B328	병량
55B330	사기
55B338	기세
55B340	전법
55B348	목표
55B358	무장
55B368	무장 1
55B378	무장 2
55B388	포로
55B398	종류
55B3A0	공격\n방법
55B3B0	공격
55B3B8	피해
55B3C0	방어
55B3C8	기동
55B3D8	사거리
55B3E0	공격\n속도
55B3F0	배
55B3F8	공격\n유형
55B408	상태
55B410	명령
55B418	군마
55B420	철포
55B428	충차
55B430	정란
55B438	대포
55B440	관선
55B448	안택선
55B458	철갑\n선
55B468	적\n부대
55B478	추격
55B480	공성
55B488	퇴각
55B490	이후\n명령
55B4A8	무장
55B4B0	축성
55B4C0	백병
55B4C8	교전중
55B4D0	도주
55B4D8	전사
55B4E0	전법\n방침
55B4F0	폭동
55B4F8	수송
55B510	번호
55B520	아시가루\n경험
55B540	기마\n경험
55B558	궁\n경험
55B570	철포\n경험
55B590	계략\n경험
55B5B0	거점\n경험
55B5C0	경험
55B5D0	소재\n국
55B5F0	소재\n지방
55B600	상태\n남은 일수
55B620	공격\n목표
55B638	목표\n거점
55B648	경유\n지점
55B660	목표\n영토
55B680	공격\n완료
55B698	행군\n일수
55B6A8	닌자\n마을
55B6B8	연결
55B6C0	파견중
55B6D0	기본
55B6D8	능력
55B6E8	커맨드
55B6F8	육상
55B700	수군
55B708	관련
55B718	%s%s
55B720	%s,
55B730	%s 외 %d개국
55B750	%s+%5d
55B758	역직
55B760	독음
55B768	가문
55B770	무장
55B778	등급
55B780	효과
55B790	필요\n국
55B7B0	번호
55B7B8	명성
55B7C0	조건
55B960	%s %s
55BCB8	%d/%d
55BCC0	%2d.
55BEC0	등용
55BEC8	등용 안 함
55BED8	 %s %04d
55BEE8	무장으로
55BEF8	공주로
55BFE0	%s %d
55C6E0	%d~%d
55C758	%s %d
55C7C8	  %d.
55C830	빈 세이브 슬롯
55C850	신무장\n
55C870	실존\n무장
55C898	1페이지
55C8A0	2페이지
55C8B0	%s %4d
55C910	감독
55C980	%5s/%5s
55CAB0	     %s
55CAF0	실행할 거점이 선택되지 않았습니다.
55CC48	%3d%%
55CC50	%s%%
55CC58	%5d/%s
55CC88	%s%8d%s%s%s%8d
55CCB0	실행할 거점이 선택되지 않았습니다.
55CCF0	%2d%s %s
55CD00	실행할 거점이 선택되지 않았습니다.
55CD80	%s\n%s
55CD88	%s
55CD90	%s\n외 %d부대
55CDB0	%s\n외 1부대
55CE68	시설 1
55CE78	시설 2
55CE88	시설 3
55CEC8	삭제
55CED0	편집
55CEE0	실행할 거점이 선택되지 않았습니다.
55CF50	실행할 거점이 선택되지 않았습니다.
55CFC0	실행할 거점이 선택되지 않았습니다.
55D018	%s%8d%s{C4}%s%8d
55D040	실행할 거점이 선택되지 않았습니다.
55D090	%s\n외 %d부대
55D0B0	%s\n외 1부대
55D170	실행할 거점이 선택되지 않았습니다.
55D200	실행할 거점이 선택되지 않았습니다.
55D288	%s%8d%s{C4}%s%8d
55D2D0	실행할 거점이 선택되지 않았습니다.
55D310	실행할 거점이 선택되지 않았습니다.
55D3A8	금
55D3B0	병량
55D3B8	특수
55D3C0	학당
55D3C8	공방
55D3D0	방어
55D400	군
55D410	기타
55D418	조선소
55D428	위장
55D430	재개
55D440	시설 선택
55D450	%d.
55D460	실행할 거점이 선택되지 않았습니다.
55D4B0	실행할 거점이 선택되지 않았습니다.
55D4F0	실행할 거점이 선택되지 않았습니다.
55D6A8	명령
55D6C0	실행할 거점이 선택되지 않았습니다.
55D708	%s %s
55D710	%s
55D718	%s{C4}%s%s
55D730	실행할 거점이 선택되지 않았습니다.
55D770	%2d%s %s
55D788	%3d{C4}%s%3d
55D7A0	%2d/%s
55D7B0	%s: %s
55D7B8	위임
55D7D0	실행할 거점이 선택되지 않았습니다.
55D820	실행할 거점이 선택되지 않았습니다.
55D870	  %s
55D880	실행할 거점이 선택되지 않았습니다.
55D8D0	실행할 거점이 선택되지 않았습니다.
55D950	실행할 거점이 선택되지 않았습니다.
55D990	실행할 거점이 선택되지 않았습니다.
55D9D0	실행할 거점이 선택되지 않았습니다.
55DA10	실행할 거점이 선택되지 않았습니다.
55DA58	/%2d
55DA68	학당 합계
55DA78	시설
55DB60	명성을 찾아서
55DB78	구마노 신사
55DB90	풍류 다이묘
55DBB0	지식은 힘이다
55DBD0	상경의 길
55DBF0	시코쿠 쟁탈전
55DC10	천하의 적
55DC30	포위된 가문
55DE20	튜토리얼
55EAE0	3명\n필요
55EC40	아시가루 학당
55EC60	철제 창날
55EC70	짚신
55EC80	삼간창
55EC90	경갑
55ECA0	판갑
55ECB0	중창
55ECC0	십자창
55ECD0	겸창
55ECE0	진태고
55ECF0	기마 학당
55ED00	목장
55ED08	편자
55ED20	기창
55ED38	마갑
55ED48	안장 방패
55ED58	옻칠 무구
55ED70	목축
55ED88	박차
55ED90	마표
55EDA0	궁 학당
55EDB0	경궁
55EDC0	개량 화살
55EDD0	강궁
55EDE0	기마궁
55EDF0	화살통
55EDF8	죽책
55EE08	흑단 화살
55EE20	궁병 방패
55EE38	강화 화살
55EE50	철포 학당
55EE60	야금술
55EE70	경철포
55EE80	산탄
55EE90	기마철포
55EEA0	개량 꽂을대
55EEC0	개량 화약
55EEE0	정밀 총구
55EEF0	대방패
55EF00	공격 대열
55EF10	병기 학당
55EF20	충차
55EF28	철 차축
55EF40	남만 대포
55EF50	정란
55EF58	철판 장갑
55EF68	설계도
55EF78	대포
55EF80	탄도 조정
55EFA0	작렬탄
55EFB8	수군 학당
55EFC8	관선
55EFD0	대형 돛
55EFE0	선체 장갑
55EFF0	배락화시
55F000	안택선
55F008	목재 가공
55F020	선체 강화
55F040	일제 노젓기
55F058	철갑선
55F070	축성 학당
55F088	견고한\n문
55F098	대\n저택
55F0A8	철포\n벽
55F0B8	철\n문
55F0C8	3층\n천수
55F0D8	석\n벽
55F0E8	외곽\n보루
55F0F8	포대
55F100	4층\n천수
55F110	내정 학당
55F120	회계 장부
55F130	철포 망루
55F140	발파 채굴
55F158	윤작
55F168	파발마
55F180	관개 시설
55F198	품종 개량
55F1A8	의약
55F1C0	분업 체제
55F238	%s
55F240	%s(습득)
55F250	%s(연구중)
55F260	(무장 - 영지: %d 가문: %d)
55F280	아시가루\n/ 기마
55F298	궁\n/ 철포
55F2A8	병기\n/ 수군
55F2C0	축성\n/ 내정
55F2E0	기술\n선택
55F2F8	연구
55F310	필요\n개수
55F348	%s(완료)
55F358	%s
55F360	개수\n선택
55F378	수량
55F380	%5d{C4}%5d/%5d
55F398	%s%s
55F408	내정\n방침
55F490	%2d/%2d
55F498	%4d/%4d
55F4A0	%3d/%3d
55F4A8	%2d/%s
55F800	기술 1
55F808	기술 2
55F810	기술 3
55F818	기술 4
55F8A8	Bfile01
55F8B0	Bfile02
55F8B8	Bfile03
55F8C0	Bfile04
55F8C8	Bfile05
55F8D0	Bfile06
55F8D8	Bfile07
55F8E0	Bfile08
55F8E8	Bfile09
55F8F0	Bfile10
55F8F8	Bfile11
55F900	Bfile12
55F908	Bfile13
55F910	Bfile14
55F918	Bfile15
55F920	Bfile16
55F928	Bfile17
55F930	Bfile18
55F938	Bfile19
55F940	Bfile20
55F948	Bfile21
55F950	Jfile01
55F958	KFile01
55F960	KFile02
55F968	KFile03
55F970	KFile04
55F978	KFile05
55F980	KFile06
55F988	KFile07
55F990	KFile08
560600	결정
560608	금
560610	가격
560618	전법
560620	효과
560638	가보 선택
560650	예
560658	아니요
560670	양\n아버지
5606C8	%3d+%s%2d
5606E0	%3d
5606E8	%3d-%s%2d
560700	%s%3d%s+%s%2d
560720	%s%3d%s
560730	%s%3d%s-%s%2d
560748	부상병
560750	봄\n수확
560760	여름\n수확
560770	가을\n수확
560780	겨울\n수확
560790	%s+%2d/%s
5607F0	%s%s
560800	부상병
560810	계략\n경험
5608A0	아시가루\n경험
5608C0	기마\n경험
5608D8	궁\n경험
5608F0	철포\n경험
560940	외\n%d명
560960	외\n%d명
560978	%s %s:
560988	%s%s%s%s%s
5609A0	봄\n수확
5609B0	여름\n수확
5609C0	가을\n수확
5609D0	겨울\n수확
560A58	편집됨
560A60	활동중
560A80	얼굴
560A88	적성
560A98	특수\n전법
560AA8	%4d%s%4d
560AC0	%s%s%s
560AC8	%s
560CC8	1페이지
560CD0	2페이지
560E78	도움말
560E80	과제
560E88	목표
560E98	커맨드
560EA8	게임 개요
560EB8	용어집
560ED0	%d/%d
560ED8	%s{C4}
560EE0	관련
560F20	%s
560F30	기타(부대: %d)
560F98	%3d%s  사망
560FA8	%3d%s  성인
560FB8	%3d%s  -
560FC8	%3d%s  %s
560FE8	%4d년: %s
561338	오리지널
561348	특수
561370	%s
561718	시작 메뉴
561730	시나리오 선택
561740	가문 선택
561750	지방 선택
561760	실존 무장 로드
561780	실존 무장
5617A0	실존 무장 편집
5617C0	초기화
5617C8	등록
5617D8	무장 로드
5617E8	무장 작성
5617F8	편집
561800	삭제
561808	능력 설정
561818	수명 설정
561828	상태 설정
561838	전법 설정
561848	생년 설정
561858	적성 설정
561868	얼굴 선택
561878	튜토리얼
561888	과제 확인
561898	목표
5618A8	BGM 감상
5618B8	환경 설정
5618D0	설정 확인
5618E8	성 입력
5618F8	이름 입력
561910	성 독음 입력
561930	이름 독음 입력
561950	게임 설정
561968	모드 선택
561978	무장 편집
561988	옵션
561990	다이묘 교체
5619A0	도움말
5619B0	커맨드 설명
5619C8	게임 개요
5619D8	용어집
5619E8	세이브
5619F0	로드
5619F8	메뉴
561A00	메시지 기록
561A10	도전 모드
561B48	과제
561B50	다이묘
561B58	목차
561B70	메모리 카드 슬롯1의 메모리 카드(8MB)(PlayStation{B6}2 전용)에 실존 무장 데이터가 없습니다.
5621E0	신무장
