870:2	가키자키 스에히로 1507-1595
870:3	가키자키 가문 4대 당주로 요시히로의 아들. 아이누와 화친하여 에조와의 교역을 늘렸다. 에조의 대관으로서 큰 세력을 쌓았다.
870:4	가키자키 요시히로 1549-1616
870:5	가키자키 가문 5대 당주로 스에히로의 아들. 도요토미 히데요시에게서 에조 교역권을 받아 그 땅의 지배자가 되었다. 1599년 성을 마쓰마에로 바꾸었다.
870:6	가키자키 모리히로 1571-1608
870:7	가키자키(마쓰마에) 가문 6대 당주로 요시히로의 아들. 1600년 마쓰마에 가문 2대 당주가 되었으나 아버지보다 먼저 병사했다.
870:8	가키자키 모리히로 ????-1635
870:9	마쓰마에 가문 가로로 스에히로의 11남. 마쓰마에 4대 당주 우지히로와의 연회 중 불이 나자 불길 속으로 뛰어들어 돌아오지 못했다.
870:10	곤도 요시타케 ????-1638
870:11	마쓰마에 가문 무사로 네보타관 주인의 후손이라 한다. 에조에서 가잔인 다다나가를 섬겼고, 오사카 여름 전투에서는 요시히로를 섬겼다.
870:12	난조 히로쓰구 ????-1562?
870:13	가키자키 가문 가신으로 가쓰야마관의 주인. 스에히로의 맏딸을 아내로 맞았으나, 그녀는 남동생들을 독살한 죄로 처형되었다.
870:14	난부 하루마사 1517-1582
870:15	난부 가문 24대 당주로 야스노부의 아들. 쇼군 아시카가 요시하루에게서 이름 한 자를 받았다. 산노헤성 일대의 광대한 땅을 다스렸다.
870:16	이시카와 다카노부 ????-1571
870:17	난부 가문 가신으로 마사야스의 차남. 쓰가루를 다스리며 조카 하루마사가 난부 가문의 실권을 잡도록 도왔다. 오우라 다메노부의 모반으로 자결했다.
870:18	난부 노부나오 1546-1599
870:19	난부 가문 26대 당주로 이시카와 다카노부의 아들. 하루마사의 아들이 죽은 뒤 가문을 이었다. 구노헤 마사자네의 반란을 진압하고 영지를 통일했다.
870:20	난부 도시나오 1576-1632
870:21	난부 가문 27대 당주로 노부나오의 아들. 동군에 가담해 모가미 가문을 도왔다. 전쟁 후 난부 가문의 확고한 기반을 다졌다.
870:22	이즈미야마 후루야스 ????-????
870:23	난부 가문 가신으로 이시가메 노부후사의 아들. 사는 마을의 이름을 성으로 삼았다. 딸 지쇼인은 훗날 주군 노부나오의 정실이 되었다.
870:24	이즈미야마 마사요시 ????-1629
870:25	난부 가문 가신으로 후루야스의 후계자. 누나 지쇼인은 주군 노부나오의 정실이다. 훗날 성을 이시가메로 바꾸고 난부 가문을 계속 섬겼다.
870:26	기타 노부치카 1523-1613
870:27	난부 가문 가신으로 겐요시성 성주. 하루마사가 죽은 뒤 노부나오의 가로가 되었다. 출진할 때마다 작은 관음상을 상투에 묶었다고 한다.
870:28	하치노헤 마사요시 1544-1610
870:29	난부 가문 가신으로 하치노헤네성 성주이자 난부의 중신. 노부나오가 오다와라 정벌에 나간 동안 성을 지켰다.
870:30	구노헤 노부나카 ????-????
870:31	난부 가문 가신으로 노부자네의 장남이자 구노헤성 성주. 구노헤 가문은 난부의 서류라 여겨졌다. 하치노헤 노부나가의 딸을 아내로 맞았다.
870:32	구노헤 마사자네 1536-1591
870:33	난부 가문 가신으로 노부나카의 아들. 난부 하루마사가 죽은 뒤 반란을 일으켰으나 난부 노부나오와 도요토미군을 당하지 못하고 참수되었다.
870:34	구노헤 사네치카 ????-1591
870:35	난부 가문 가신으로 노부나카의 아들. 난부 하루마사의 차녀와 혼인해 후계자가 되었다. 훗날 형 마사자네의 반란을 도운 죄로 참수되었다.
870:36	다카다 야스자네 1553-1594
870:37	난부 가문 가신으로 구노헤 노부나카의 아들. 시바 아키자네의 딸과 혼인했으나 곧 옛 주군에게 반기를 들었다. 훗날 형에게 살해되었다.
870:38	오우라 다메노리 1520-1567
870:39	난부 가문 가신으로 마사노부의 후계자이자 오우라성 성주. 딸을 오우라(쓰가루) 다메노부에게 시집보내 후계자로 삼았다.
870:40	쓰가루 다메노부 1550-1607
870:41	히로사키 가문 초대 당주로 오우라 다메노리의 딸과 혼인했다. 난부 가문에서 떨어져 나와 17년에 걸쳐 쓰가루를 통일했고, 도요토미 히데요시에게 그 땅의 영주로 인정받았다.
870:42	쓰가루 노부히라 1586-1631
870:43	히로사키 가문 2대 당주로 다메노부의 3남. 어린 시절 세례를 받았다. 후계자가 되어 히로사키 가문을 크게 강화했다.
870:44	누마타 스케미쓰 ????-1612
870:45	쓰가루 가문 가신으로 고즈케 출신. 여러 지방을 떠돌다 다메노부를 만났다. 다메노부를 섬기며 쓰가루 평정에 큰 공을 세웠다.
870:46	오가사와라 노부키요 ????-????
870:47	쓰가루 가문 가신으로 다메노부를 도운 오우라 3로의 한 사람. 시나노에서 쓰가루로 옮겨 와 오우라 가문을 섬겼다. 다이코지성과 이시카와성 공략에 공을 세웠다.
870:48	가네히라 쓰나노리 ????-1625
870:49	쓰가루 가문 가신으로 다메노부를 도운 오우라 3로의 한 사람. 가네히라 가문은 오우라의 일족으로, 오우라가 다스리던 마을의 이름을 성으로 삼았다.
870:50	모리오카 노부모토 ????-1606
870:51	쓰가루 가문 가신으로 다메노부를 도운 오우라 3로의 한 사람. 이시카와 다카노부를 무찌르고 왓토쿠성을 빼앗았다. 모반을 두려워한 다메노부에게 암살되었다.
870:52	나미오카 아키무라 1555-????
870:53	나미오카 기타바타케 가문의 당주로 도모카즈의 아들. 안토 지카스에의 딸과 혼인했다. 쓰가루 다메노부가 나미오카성을 함락하자 자결했다.
870:54	시바 쓰네아키 ????-????
870:55	오슈 시바 가문의 당주로 아키타카의 후계자. 오슈 시바 가문은 아시카가 다카우지를 섬기던 시바 이에나가가 고스이지성을 쌓으면서 시작되었다.
870:56	시바 아키자네 ????-????
870:57	오슈 시바 가문의 당주로 쓰네아키의 아들. 난부 가문과 화친을 맺었다. 훗날 구노헤 노부나카의 4남 다카다 야스자네를 사위로 맞았다.
870:58	시바 아키나오 ????-????
870:59	오슈 시바 가문의 당주로 아키자네의 아들. 난부 노부나오에게 패한 뒤 숨어 지냈다. 훗날 오사카 겨울 전투에서 난부 가문을 섬겼다.
870:60	이사리 아키요시 ????-????
870:61	오슈 시바 가문 가신으로 아키타카의 3남. 아버지는 이사리관의 주인이었으나, 난부 노부나오가 이를 빼앗으면서 시바 가문은 끝을 맞았다.
870:62	이와시미즈 요시나가 ????-????
870:63	시바 가문 가신. 주군 아키나오에게 간언했으나 받아들여지지 않았다고 한다. 난부군이 쳐들어오자 끝까지 시바 가문에 충성하며 함께 최후를 맞았다.
870:64	이와시미즈 요시노리 ????-????
870:65	시바 가문 가신으로 요시나가의 아우. 주군에게 불만을 품고 난부 가문으로 넘어가 시바 가문을 공격해 멸망시켰다.
870:66	야나다 아키야스 ????-????
870:67	시바 가문 가신. 주군에게 불만을 품고 난부 가문으로 넘어갔다. 시바 가문 멸망에 공을 세워 난부 가문에게서 넓은 영지를 받았다.
870:68	가사이 하루타네
870:69	가사이 가문 15대 당주로 하루시게의 차남이자 데라이케성 성주. 형과 사위가 잇따라 요절하자 가문의 실권을 잡았다.
870:70	가사이 지카노부
870:71	가사이 가문 16대 당주로 하루타네의 후계자이자 데라이케성 성주. 병약하여 당주가 된 지 5년 만에 큰 공적 없이 병사했다.
870:72	가사이 하루노부
870:73	가사이 가문 17대 당주로 하루타네의 아들이자 데라이케성 성주. 다테 가문과 함께 오사키 가문과 싸웠다. 오다와라 정벌에 참전하지 않아 훗날 개역되었다.
870:74	가사이 도시노부
870:75	다테 가문 가신으로 하루노부의 조카. 아우 시게노부는 우와지마 다테 가문을 섬겼다. 승마에 능해 교토에서 여러 차례 솜씨를 선보였다.
870:76	가시야마 아키요시
870:77	가사이 가문 가신으로 오바야시성 성주. 가시야마 가문은 오슈 지바 가문의 일족이다. 가사이·오사키 잇키를 진압한 가시야마 아키무네의 아버지다.
870:78	가시야마 아키스케
870:79	가사이 가문 가신으로 아키무네의 후계자. 가문이 멸망한 뒤 난부 가문을 섬기며 이와사키성을 다스렸으나, 훗날 당주 난부 도시나오에게 독살되었다.
870:80	오야마 아키나가
870:81	가사이 가문 가신으로 가시야마 아키요시의 3남이자 고야마성 성주. 말썽꾼으로 이름났다. 1581년 가시야마 가문의 내분 때 미타 쇼겐을 죽였다.
870:82	오리이 아키히사
870:83	가사이 가문 가신으로 가시야마 아키요시의 4남이자 오리이관 주인. 가시야마 가문의 내분 때 미타 쇼겐을 죽였고, 가사이·오사키 잇키의 주모자였다.
870:84	마이야 야쓰히데
870:85	가사이 가문 가신으로 마이야성 성주. 마이야 가문은 기케가와 지바 가문 출신이다. 다섯째와 일곱째 아우가 다테 마사무네에게 살해되었다.
870:86	무야리 시게노부
870:87	가사이 가문 가신으로 무야리성 성주. 도미자와·하마다·구마가이 가문의 반란을 진압했다. 아우와 함께 다테 마사무네에게 살해되었다.
870:88	야하기 시게쓰네
870:89	가사이 가문 가신으로 소토다테성 성주. 하마다 가문의 반란을 진압하고 곧 그 영지를 차지했다. 훗날 다테 마사무네에게 살해되었다.
870:90	오사키 요시나오
870:91	오사키 가문 12대 당주. 덴분의 난 때 다테 하루무네를 도와, 다테 다네무네를 섬기던 오사키 요시노부와 싸웠다.
870:92	오사키 요시타카
870:93	오사키 가문 13대 당주로 요시나오의 아들. 다테 마사무네를 섬겼다. 오다와라 정벌 후 발탁되어 우에스기 가게카쓰 휘하에서 일했다.
870:94	이치쿠리 호규
870:95	오사키 가문 가신으로 이치쿠리성 성주. 이치쿠리 다카하루의 조부로 여겨진다. 1591년 가사이·오사키 잇키 때 싸우다 92세로 죽었다.
870:96	이치쿠리 다카하루
870:97	오사키 가문 가신으로 이치쿠리성 성주. 가사이·오사키 잇키 내내 용감히 싸웠다. 그 뒤 모가미 가문을 섬겼으나 모반을 꾀해 처형되었다.
870:98	이치하자마 다카마사
870:99	오사키 가문 가신으로 마사카성 성주. 가노라는 성도 썼다. 이치하자마 가노 가문은 오사키의 참모로 일했다. 덴쇼 말년에는 우지이에 요시쓰구를 섬겼다.
870:100	우지이에 요시쓰구
870:101	오사키 가문 가신으로 이와데야마성 성주. 오사키 가문 내분 때 이바노 소하치로와 손잡았다. 훗날 다테 마사무네를 섬기다 얼마 뒤 병사했다.
871:2	구로카와 하루우지
871:3	오사키 가문 가신. 구로카와 가문은 오사키의 서류로 다테 가문을 섬겼다. 1588년 다테군이 쳐들어오자 오사키 편에 섰다.
871:4	시카마 다카히데
871:5	오사키 가문 가신으로 시카마성 성주. 용맹과 지략으로 이름났다. 오사키 가문 내란 때 다테군을 물리치고 주군의 성을 지켰다.
871:6	난조 다카노부
871:7	오사키 가문 가신으로 나카니이다성 성주. 오사키 가문 내란 때 다테 마사무네의 공격을 막아 성을 지켜 냈다. 오사키 가문 최고의 명장 중 하나.
871:8	니이다 다카카게
871:9	오사키 가문 가신으로 니이다성 성주. 요시타카의 시동이었다. 다른 시동 이바노 소하치로와의 다툼이 오사키 가문 내란의 불씨가 되었다.
871:10	미야자키 다카치카
871:11	오사키 가문 가신으로 미야자키성 성주. 가사이·오사키 잇키 때 총대장을 맡았다. 다테 가문에 성을 빼앗기자 아키타 지방으로 달아나 숨었다.
871:12	루스 아키무네
871:13	루스 가문 17대 당주로 가게무네의 후계자. 고쿠분 가문과 끊임없이 싸웠다. 다테 하루무네의 3남 마사카게가 그의 딸과 혼인했다.
871:14	루스 마사카게
871:15	루스 가문 18대 당주로 다테 하루무네의 3남. 루스 아키무네의 딸과 혼인해 가문을 이었다. 소마·모가미 가문과 싸운 뒤 다테 가문으로 돌아갔다.
871:16	고쿠분 모리우지
871:17	무쓰의 호족. 1189년 미나모토 요리토모의 군세에 불탄 가문의 유서 깊은 절을 다시 세웠다.
871:18	고쿠분 모리아키
871:19	무쓰의 호족으로 모리우지의 아들. 고쿠분 가문은 오슈에서 미나모토 요리토모를 섬긴 가신의 후손이다. 다테 하루무네의 아들 모리시게를 양자로 들였다.
871:20	고쿠분 모리시게
871:21	다테 가문 가신으로 다테 하루무네의 10남이자 고쿠분 가문의 후계자. 1599년 모반을 꾀했다는 의심을 받아 사타케 가문에 몸을 숨겼다.
871:22	소마 모리타네
871:23	소마 가문 15대 당주로 오다카성 성주. 덴분의 난 이후 다테 가문과 적이 되었고, 다무라 가문과 화친을 교섭했다.
871:24	소마 요시타네
871:25	소마 가문 16대 당주로 모리타네의 후계자. 다테 가문과 여러 차례 격전을 벌였다. 세키가하라 전투에서는 서군에 섰다.
871:26	이즈미다 다네키요
871:27	소마 가문 가신으로 이즈미다성 성주. 1588년 주군 요시타네를 위해 싸우며 다테 마사무네의 공격을 여러 차례 물리쳤다.
871:28	에네이 다네하루
871:29	소마 가문 가신으로 아키타네·모리타네·요시타네를 섬겼다. 다무라 가문을 방문하러 갔다가 총에 맞아 죽었다.
871:30	사토 요시노부
871:31	소마 가문 가신. 사토 가문은 본래 이와키 가문의 가신이었으나, 요시노부가 당주가 되면서 소마 가문을 섬겼다. 요시노부는 참언으로 신임을 잃고 훗날 병사했다.
871:32	사토 다메노부
871:33	소마 가문 가신으로 요시노부의 아들. 아버지를 모함한 자를 죽여 원수를 갚았다. 훗날 다테 가문에 들어가 결국 전사했다.
871:34	미즈타니 다네시게
871:35	소마 가문 가신. 세키가하라 전투 후 모든 반대를 무릅쓰고 다테 마사무네가 영내를 무사히 지나가게 했다. 이 일로 소마 가문은 개역을 면했다.
871:36	이와키 시게타카
871:37	덴분의 난 때 하루무네 편에 섰다. 때때로 사타케 가문과 싸웠으며, 시가를 즐겨 지었다.
871:38	이와키 사다타카
871:39	사타케 요시시게의 3남으로 훗날 이와키 가문에 들어갔다. 세키가하라 전투에 참전하지 않아 개역되었으나, 훗날 오사카에서 싸운 공으로 다시 영지를 받았다.
871:40	후나오 아키나오
871:41	사타케 가문 가신. 후나오 가문은 이와키 요시타카의 아우 다카보가 세웠다. 아키나오는 사타케 가문을 3대에 걸쳐 섬겼다.
871:42	다무라 다카아키
871:43	미하루성 성주로 다테 다네무네의 딸과 혼인했다. 덴분의 난 때 다네무네를 도왔다. 사타케·이시카와 군세를 물리친 뒤 죽었다.
871:44	고미네 요시치카
871:45	시라카와 유키 가문 가신으로 유키 요시쓰나의 아들이라 한다. 당주를 몰아내고 가문을 차지했으나, 훗날 사타케 요시시게에게 패했다.
871:46	가토다 기요시게
871:47	시라카와 유키 가문 가신으로 가즈사 대리를 맡았다. 어진 통치로 백성들에게 사랑받았다. 훗날 다테 가문을 섬겼다.
871:48	아시나 모리우지
871:49	아시나 가문 16대 당주. 가문을 오슈에서 다테 가문에 버금가는 세력으로 키웠다. 동맹을 교묘히 활용해 아이즈에서 에치고 북부까지 다스렸다.
871:50	아시나 모리오키
871:51	아시나 가문 17대 당주로 모리우지의 후계자. 사타케 가문과 싸우던 중 요절했다. 아버지는 그의 병을 고치려 영내에 술 빚기를 금한 적도 있었다.
871:52	니카이도 모리요시
871:53	니카이도 가문 18대 당주. 아시나 모리우지에게 항복하고 아들 모리타카를 인질로 보냈다. 모리타카는 아시나 가문의 당주가 되어 니카이도 가문을 재흥했다.
871:54	아시나 모리타카
871:55	아시나 가문 18대 당주로 니카이도 모리요시의 아들. 아시나 모리오키의 미망인을 아내로 맞았다. 우에스기·호조 가문과 손잡고 사타케 가문과 싸웠으나, 구로카와성에서 살해되었다.
871:56	아시나 모리시게
871:57	아시나 가문 20대 당주로 사타케 요시시게의 차남. 시라카와 유키 가문의 양자였으나 아시나 모리타카의 딸과 혼인해 아시나 가문을 이었다.
871:58	하류 모리노부
871:59	아시나 가문 가신. 1576년 가나가미 모리자네와 서열을 두고 다투었다. 세키가하라 전투 때 영지를 모두 잃고 다테 가문을 섬겼다.
871:60	이나와시로 모리쿠니
871:61	아시나 가문 가신. 후처의 꾐에 넘어가 아들 모리타네를 폐적하려다 발각되었다. 훗날 다테 가문으로 넘어가 아시나 가문과 싸웠다.
871:62	이나와시로 모리타네
871:63	아시나 가문 가신으로 모리쿠니의 아들. 가문이 멸망하자 히타치로 달아났다. 결국 고향 이나와시로로 돌아와 그곳에서 여생을 보냈다.
871:64	가나가미 모리하루
871:65	아시나 가문 가신. 주군 모리타카가 죽은 뒤 사타케 요시시게의 차남 요시히로를 섬겼다. 훗날 전사했다.
871:66	마쓰모토 우지스케
871:67	아시나 가문 가신. 마쓰모토 가문은 오랫동안 아시나 가문을 섬겼다. 1575년 다무라 가문과 싸우다 전사했다.
871:68	도미타 우지자네
871:69	아시나 가문 가신으로 지방 영주를 맡았다. 주군 모리타카가 죽은 뒤 스리아게하라 전투에서 다테 마사무네와 싸웠으나 패했다.
871:70	도미타 다카자네
871:71	아시나 가문 가신으로 우지자네의 아들. 스리아게하라에서 다테군을 상대로 분전했다. 패전 후 모리시게와 함께 히타치로 달아났으나 곧 그를 떠났다.
871:72	사세 다네쓰네
871:73	아시나 가문 가신. 사세 가문은 오랫동안 아시나 가문을 섬겼다. 다네쓰네는 스리아게하라 전투에서 싸우다 전사했다.
871:74	히라타 기요노리
871:75	아시나 가문 가신으로 스케노리의 아들. 히라타 가문은 오랫동안 아시나 가문을 섬겼다. 주군 모리우지를 도와 오쓰키 마사미치의 반란을 진압했다.
871:76	게이토쿠 노리시게
871:77	아시나 가문 가신으로 히라타 기요노리의 아들. 마쓰모토 우지스케의 아들이 일으킨 반란을 진압했다. 아시나 영지를 침공한 다테군을 물리쳤다.
871:78	오우치 사다쓰나
871:79	무쓰의 호족. 마사무네가 다테 가문의 실권을 잡자 다테에 등을 돌렸다. 마사무네와의 싸움에서 패한 뒤 다시 다테 가문을 섬겼다.
871:80	안토 지카스에
871:81	히야마 안토 가문 8대 당주로 기요스에의 후계자. 미나토 안토 가문과 히야마 안토 가문을 통합해 영지와 세력을 크게 넓혔다.
871:82	아키타 사네스에
871:83	히야마 안토 가문 9대 당주로 지카스에의 후계자. 난부·도자와 가문과 싸우며 영지를 지켰다. 그러나 세키가하라 전투 후 영지를 잃었다.
871:84	안토 시게스에
871:85	미나토 안토 가문 9대 당주로 지카스에의 3남. 안토 다카스에의 양자가 되어 미나토 안토 가문의 당주가 되었다. 가키자키 스에히로의 여섯째 딸과 혼인했다.
871:86	안토 미치스에
871:87	미나토 안토 가문 10대 당주로 시게스에의 후계자. 도시마성으로 쫓겨난 뒤 도자와 가문과 손잡고 봉기했으나 모두 실패했다.
871:88	도시마 시게무라
871:89	안토 가문 가신으로 하타케야마 시게타다의 후손이라 한다. 1570년 안토 지카스에의 군세에 맞서 봉기했으나 실패했다. 그 뒤 달아나 숨었다.
871:90	난부 마사나오
871:91	안토 가문 가신으로 가문의 외교를 맡았다. 교토에 머물며 오다 노부나가를 만났다. 훗날 지카스에의 사자로 노부나가에게 파견되었다.
871:92	아사리 노리스케
871:93	데와의 호족으로 노리요리의 후계자. 아우 가쓰요리가 안토 가문을 섬기려 하자 반대했다. 훗날 안토 가문의 공격을 받아 자결을 강요당했다.
871:94	아사리 가쓰요리
871:95	데와의 호족으로 노리요리의 차남. 형을 자결로 몰아넣고 가문의 당주가 되었다. 훗날 안토 지카스에에게 살해되었다.
871:96	아사리 요리히라
871:97	데와의 호족으로 가쓰요리의 아들. 아버지가 살해되자 쓰가루에 숨었다. 훗날 안토 가문의 무장이 되었으나 오사카에서 급사했다.
871:98	도자와 미치모리
871:99	도자와 가문 16대 당주. 아버지가 죽자 어린 나이에 가문을 이었다. 훗날 히타치의 손자 마사모리에게 몸을 의탁했다가 그곳에서 죽었다.
871:100	도자와 모리시게
871:101	도자와 가문 17대 당주로 가쿠노다테성 성주이자 미치모리의 후계자. 몸이 약해 아우 모리야스가 당주가 되었다. 훗날 도자와 마사시게의 양자가 되었다.
