scen0:title	오와리 통일
scen0:desc	<CR><LF>오닌의 난이 천하를 뒤흔든 지 100년이 흘렀다. 그동안 수많은 무장이 천하를 하나로 묶고자 용맹하게 일어섰으나, 모두 끝내 난세의 소용돌이에 삼켜지고 말았다. 얄궂게도 태평을 향한 그 몸부림이 오히려 난세를 이토록 길게 끌어 온 것이었다. 이제야말로 천하는 강력한 지도자를 필요로 했다. 1555년 봄, 오다 노부나가가 오와리를 손에 넣었다. 그는 한낱 얼간이였을까, 아니면 그 이상의 무엇이었을까. 그 답을 아는 자는 세상에 단 한 사람도 없었다...
scen1:title	용호상박
scen1:desc	<CR><LF>전국을 뒤흔든 오케하자마 전투는 뜻밖에도 노부나가의 승리로 끝났다. 이마가와 요시모토가 죽음으로써 낡은 시대는 막을 내리고, 천하 통일을 향한 새로운 흐름이 일어났다. 또한 새 시대를 따르는 자와 옛 질서를 지키는 자 사이에 또 하나의 싸움이 펼쳐지기 시작했다. 1561년 9월, 다케다 신겐과 우에스기 겐신은 가와나카지마에서 다시 한 번 맞부딪쳤다. 저마다 자기 시대의 이상을 굳게 붙든 두 사람은 전장에서 맞설 채비를 갖추었다...
scen2:title	골육상쟁
scen2:desc	<CR><LF>1570년, 아사쿠라 공략에 나선 노부나가에게 불길한 소식이 날아들었다. 매제 아자이 나가마사가 반기를 든 것이다. 퇴각을 강요당하는 동안 노부나가의 뇌리에는 아우 노부카쓰의 얼굴이 떠나지 않았다. 또다시 형제에게 배신당하다니... 허를 찔린 데 익숙하지 않았던 노부나가는 나가마사의 뒤에서 은밀히 움직이던 아시카가 요시아키의 존재를 알아채지 못했다. 서서히, 그러나 확실하게 요시아키의 교활한 책략이 노부나가를 옭아매기 시작했다...
scen3:title	꿈과 같이
scen3:desc	<CR><LF>노부나가는 쇼군 아시카가 요시아키의 책략을 무너뜨리고 가까스로 목숨을 건졌다. 다케다 신겐과 우에스기 겐신마저 세상을 떠나자, 천하 평정의 길을 가로막을 자는 더 이상 남지 않았다. 1582년, 노부나가는 난세 속에서 새로운 천하를 빚어내리라 굳게 마음먹었다. 꿈의 실현을 눈앞에 두고, 영웅은 천하에서 새로운 역할을 맡고자 나아갔다...
scen4:title	영웅집결
scen4:desc	<CR><LF>난세는 수많은 용맹한 무장을 남겼다. 윗사람을 넘어뜨리고자 한 이름 높은 정복자 호조 소운. 뛰어난 책략가 아마고 쓰네히사. 매 싸움을 마지막인 듯 치른 군신 우에스기 겐신. 최고의 전략가 다케다 신겐. 하늘의 총애를 받은 초연한 책사 다케나카 시게하루. 거칠고 기상천외한 마에다 도시마스. 독안룡 다테 마사무네. 사나다 가문의 투혼 사나다 유키무라. 그리고 난세를 끝까지 살아남은 사나이 오다 노부나가. 이제 이 영웅들이 모두 한자리에 모여 다시 한 번 자웅을 겨루려 한다...<CR><LF><CR><LF>[가상 시나리오]
scen5:title	오닌의 잔광
scen5:desc	<CR><LF>오닌의 난은 온 천하를 집어삼켰다. 동군과 서군은 서로 맞섰으나 승부는 교착에 빠졌다. 병을 얻어 죽음이 가까웠음을 안 호소카와 가쓰모토는 화의를 청하기로 마음먹었다. 양군의 힘을 흩어 놓고자 각 다이묘를 천하 곳곳에 배치했다. 그렇게 시간이 흘러 1555년에 이르렀다... 오닌의 난 뒤의 평화는 오래가지 못했다. 각지에서 소규모 다툼이 터져 나오며 또다시 난세가 찾아오려 하고 있었다...<CR><LF><CR><LF>[가상 시나리오]
scen6:title	오사카의 변
scen6:desc	<CR><LF>1560년, 천하에 불온한 바람이 불었다. 도쿠가와 이에야스는 간토 지방을 손에 넣고자 오다와라성을 거점으로 삼았다. 간토를 통일하고 대제국을 세우려는 그의 야망에는 끝이 없었다. 한편 오사카에서도 사건이 꿈틀대고 있었다. 오사카성에 나부끼는 육문전 깃발 아래 수많은 무장이 모여든 것이다. 그 무장들을 이끄는 자는 다름 아닌 사나다 유키무라였다. 두 거인의 숙명적인 대결이 이제 막 시작되려 하고 있었다...<CR><LF><CR><LF>[가상 시나리오]
scen7:title	천하포무
scen7:desc	<CR><LF>1567년 8월, 장인 사이토 도산이 죽은 지 10년 가까이 지나 노부나가는 마침내 이나바야마성을 함락시켰다. 미노와 오와리 두 땅을 손에 넣은 노부나가는 잠시도 쉬지 않고 앞으로 나아갔다. 그는 이나바야마성의 이름을 기후로 바꾸고 그곳으로 본거지를 옮겼다. 상경의 길을 열기 위함만이 아니라, 천하를 평정하겠다는 뜻을 온 세상에 널리 알리기 위함이었다.
scen8:title	결전
scen8:desc	<CR><LF>아자이와 아사쿠라는 멸망하고 노부나가 포위망은 실패로 끝났다. 다케다 신겐 또한 병으로 쓰러져, 천하에서 노부나가의 권세에 맞설 자는 남지 않았다. 그러나 노부나가 앞에 전혀 뜻밖의 적이 나타났다. 신겐의 유지를 이어받은 가쓰요리였다. 아버지에 버금가는 역량을 지닌 가쓰요리는 거듭 공세를 펼치며 도토우미와 미노를 빼앗으려 했다. 1575년, 가쓰요리가 대군을 모아 공격에 나서면서 노부나가의 우려는 현실이 되었다. 오다와 다케다... 이름 높은 두 가문 중 승리를 거머쥘 쪽은 과연 어디인가...
scen9:title	기본 조작
scen9:desc	튜토리얼 시나리오입니다. 게임의 목적, 계획 단계와 실행 단계의 차이 등 『노부나가의 야망 혁신』의 기본을 설명합니다.
scen10:title	전투에서 이기기
scen10:desc	튜토리얼 시나리오입니다. 출진 방법과 부대 상태 등 합전에서 이기기 위한 기본을 설명합니다.
scen11:title	영지 개발
scen11:desc	튜토리얼 시나리오입니다. 무장의 녹봉을 올리고 성을 개수하는 등 영지를 안에서부터 강화하는 방법을 설명합니다.
scen12:title	시설 건설
scen12:desc	튜토리얼 시나리오입니다. 금과 병량을 버는 법, 시설을 짓는 법 등 마을 커맨드의 기본을 설명합니다.
scen13:title	기술 습득
scen13:desc	튜토리얼 시나리오입니다. 새로운 기술을 얻는 방법을 설명합니다.
scen14:title	출진 준비
scen14:desc	튜토리얼 시나리오입니다. 징병과 요새 건설 등 군사력을 키우는 기본을 설명합니다.
scen15:title	영토 확장
scen15:desc	튜토리얼 시나리오입니다. 다른 다이묘를 공격하고 성을 공략하여 가문의 세력을 넓히는 방법을 설명합니다.
scen16:title	사람이 곧 성이다
scen16:desc	아자이 히사마사가 되어 정해진 기간 안에 지정된 수의 무장을 아자이 가문에 등용하라.<CR><LF><CR><LF><CR><LF><CR><LF>난이도: {CB}
scen17:title	천하의 적
scen17:desc	나가노 나리마사가 되어 정해진 기간 안에 호조 가문을 멸망시켜라. 다른 가문이 멸망시켜도 상관없다.<CR><LF><CR><LF><CR><LF>난이도: {CB}{CB}{CB}{CB}
scen18:title	명성을 찾아서
scen18:desc	이치조 가네사다가 되어 정해진 기간 안에 명성을 일정 수치까지 올려라.<CR><LF><CR><LF><CR><LF><CR><LF><CR><LF>난이도: {CB}{CB}
scen19:title	바다를 향한 동경
scen19:desc	다케다 신겐이 되어 정해진 기간 안에 가시와자키항을 손에 넣어라.<CR><LF><CR><LF><CR><LF><CR><LF><CR><LF>난이도: {CB}
scen20:title	풍류 다이묘
scen20:desc	마쓰나가 히사히데가 되어 정해진 기간 안에 다기(차솥, 차단지, 차주전자, 꽃병, 향로 등)의 수를 늘려라.<CR><LF><CR><LF><CR><LF>난이도: {CB}{CB}
scen21:title	구마노 신사
scen21:desc	사나다 마사유키가 되어 정해진 기간 안에 구마노항을 손에 넣어라.<CR><LF><CR><LF><CR><LF><CR><LF><CR><LF>난이도: {CB}{CB}
scen22:title	아는 것이 힘
scen22:desc	아시카가 요시아키가 되어 정해진 기간 안에 일정 수의 기술을 손에 넣어라.<CR><LF><CR><LF><CR><LF><CR><LF>난이도: {CB}{CB}
scen23:title	포위된 가문
scen23:desc	도쿠가와 이에야스가 되어 오카자키성을 지키고 가문의 앞날을 지켜라. 또는 정해진 기간 안에 다케다나 오다 중 한 가문을 멸망시켜라. 다른 가문이 멸망시켜도 된다.<CR><LF><CR><LF>난이도: {CB}{CB}{CB}{CB}
scen24:title	상경의 길
scen24:desc	모리 데루모토가 되어 정해진 기간 안에 니조고쇼를 손에 넣어라.<CR><LF><CR><LF><CR><LF><CR><LF><CR><LF>난이도: {CB}{CB}{CB}
scen25:title	시코쿠 쟁탈
scen25:desc	오다 노부나가가 되어 정해진 기간 안에 시코쿠(사누키·아와, 북이요, 남이요, 동도사, 서도사)를 지배하라.<CR><LF><CR><LF><CR><LF>난이도: {CB}{CB}{CB}
