item|4208969e2d81e85501f48504b2e594191d975c2a942280076cb15216984cafe6	쓰쿠모나스
item|f9b583e7a083814547203e35b7faaf639910141e962c758a4b0a494a6b783f33	우에스기 표주박
item|83b9e6c061597ecff6e7aa7ad5b30583f39fda91fa0c2135be4bd34ed7f62b0b	주코 분린
item|922b87e8efc83b124735f0c1bd16cc2c6adffa8f22c79dde51b2415066ba2fd9	나라시바 가타쓰키
item|23c5993455ffe00bf426309b43fac11cf3b0ac2a2040acf23b635b54b0341072	닛타 가타쓰키
item|a0886ce34fe6b5056b4d1fed4c9886f3447a719302c193435e39d6931a64a1e3	하쓰하나 가타쓰키
item|3dcfd73942a6d058886d360a760bab1e1513159f7a263f53610450e52be02cb8	간레이 나스
item|462b8ea078e640e388b9e8c0998a44d2166a007997ef9710213349101ffac97e	후지 나스
item|6ab13695625dab3f9d9444a43be52296104da1d541282ec0b61606007df855e5	마쓰야 가타쓰키
item|a3a8fcdc08ceae7e2f60d53c2fee3adfe88505396d384f31c49db43d5f62d366	소주코 나스
item|01a3de67d02d367b10d8ffa92c3fe78c999cd36468faadb1119d25b90c71742a	조오 나스
item|d0236a9ed0cf5c70a325d28ef1deb8b32620298d1bb5cfaf5fdb3c62883a8101	니타리 나스
item|30cee6cb6ed68f2728cd1d5ec137bce989ef0e5a16f3aef4748fcd97173d423d	혼간지 가타쓰키
item|f6613234fa4869a6016afeddd45faf3a37a7ffff75717f175e23cf1c9832c638	혼노지 분린
item|d914200ba185777a7f3581a572f88caa66275fd96eaf2b5f6dc425b36f32147c	마쓰모토 나스
item|a8c100ed0bf4c0fc4f71c4d58db2789bf95bbb84eb522b73c8e5cc51ba87a1af	구모 다이카이
item|45dc80c9844f7edcf507ad4015f1c2ee1b690072e53b020b39b8ed5a7c1ae57c	엔조보 가타쓰키
item|4eda406b429e22b23c5f977e93fbf8321c96fa19e4e438a992208186e10dc83a	오소자쿠라 가타쓰키
item|0e03ff1c146472a0b101ca5bf9aa6e84d1e7d1a49405ecac8f376d3e8bdd7e2f	소무 가타쓰키
item|0cf5d6449416f19017915cebb9ac6caddb47afff354bc4564e5dbbc81e9e6007	사쿠 분린
item|b6147bd003554be8b0aedca6bab459a8224a6586ef32e717442772caab42d0d6	미야오 가타쓰키
item|8b47d1f0602eb978fb4a9700ee2455dd40937792aaca9a662e0b16ce6a89cf9d	안코쿠지 가타쓰키
item|8cd1ba347c0ca3f01172061b2a9855f54c55a2a012633cad5317991b07f2a678	쓰쓰이 가타쓰키
item|f327ce3f3529ff038c373c30099fdf1268fe95c3878f0886b6e818126e62f870	호즈키 분린
item|e369037341763d48fe2e82711ed511d1fbc105132fec79b81c110b6e91021d8e	이나바 표주박
item|2ef338deca52dc6e675fa250f95fdbc730c6a932e65262d57a9a10dbfdfa7bf7	고다케나카 가타쓰키
item|945cc87999c116f3933130cae36c6bf34bc959eded90b0e6e96aef460b3773e8	쓰쿠시 가타쓰키
item|5a69b1807629a695bac9cf82f5e9dd73355c31416bfe2ee866f632be7438c1f1	구키 분린
item|9ece549f5d00f95c3dab826d1ee07531003ad627f4502aa4770cd919d28fb0ee	마쓰마에 가타쓰키
item|4d03cd94e1f589607355b7c9434fd8dc2ae6a9ea2f864e25c5e5ee8b35d0afc5	야마나 가타쓰키
item|f65678294f3b5f71d23774ff6cd55414491b6ed8226975c3e7420b1f12a24bfe	미카즈키
item|e94b36f7175960799d7d61fd7bcfecd8d36de21d3d64b958cb7fed46101f2654	마쓰시마
item|32dcdafeb1e54563a5e69230a103cfb94d5c20df85bddc5db1384dc2701c2231	요소코쿠
item|6abf7bc86d8dbb8f1ba880fb30533510c6ee7e6f3c98523a9eb72001d5381a8f	마쓰바나
item|065c524e6277a954bff8861c0036b660558ab55da36db0850fc39d2b6253640d	루손 항아리
item|b944b6d32835e7bb85b49d90c3736521b9928eda4c0c9f95547bbd0527ed62ef	하시다테
item|1286af346a90203583ca791305273789eb31a8d25a9efec43bdcc22e6e2a1aa6	시가
item|3815349ead3b5600c0a96e3ebabaaee1a79c411fe4e45e5a260ca2ec370ba5e9	야마노하
item|0cc6e95df2e0797131d65ba36ec8635c4a63df6b40eb5f032e836966e53f56ac	효고
item|fd998cf26707516a0764534e8cb77f26170bc0a77146c3dd006cac70650da7b5	린키 항아리
item|5fb5960ddf442dc1fe0c3b88d245f152e0d8962917aa09693a52a5d275b0d478	히라구모
item|3cf20feb759679bde95e78cfd0cf47884d37b3d2dca1a43932145ef286378e22	후지형 차솥
item|2b583d2ce9e8fccd24770b1bfab19bf03f469cfb2649f85fbfa642285143efe7	오토고제 차솥
item|942deb4c2a70df6e501fa77f0581ade464f743da7b10653bc5d4b210987ef811	아미다도 차솥
item|4f23216c510cf270afcf132dba9ac9e2204e5be59fb565b813e15ea786cbee53	다이코도 차솥
item|eaf04e10d8fa2663dbec47b2c998f7726276d95a241169f699f9da87f77e3b5d	우바구치 차솥
item|0c7e095ca1088ba96520cc8fed82d69446dd4a664c34325aedbf518ec1487650	다루마도 차솥
item|2ac762e6fc4b3a19cf3972ef954c3a11f67a827217abafe9a543adaa4aa8dcc2	십이지 차솥
item|2e8c05bce6dca6fa5334474dea73044ef7432b725eebf1c083d780eae964ea4f	아시야 차솥
item|727dbe7e43d7ff888189803ad39d90adf26cd829718d9fab10148b7ebbe99242	시리부쿠라 차솥
item|44b224a9c906e36bdf6d529675717f7d1c449eff4d56540727f8cfe1a6a35ed9	청자 메뚜기
item|046a8b2c163e779be582130ded3a370c15834eecabff9a77bd5ada65938a6cff	청자 마쓰모토
item|f4d0baaf5f467000511d4e41359251d5e5120adcd396417e1dd8788f5ce79079	오구로
item|20328513497c27c7bff1a39d86c930f8750b1022d42c5eb752ee270bad5926d7	호소카와 이도
item|17f8c657cd99a68a5f7725ac67ba90ed57c54e67848e7b8bde38749688648a5e	가가 이도
item|1b8d8e1b97ca2e0844b0e14998d7381b0edb523a5c002aaaa700f9d27044242f	도요보
item|5dbd9c00ccb548bd18ddff4e8bdf7b37cb1094bde784390fb7ec024d447ae0b5	하야후네
item|1487d1f3ef758ea9ce195818972e9938d35c0a3cb312ab790b02b416ae63027d	기자에몬 이도
item|d126f81d7cee01c49aa9e1f58adbfe36c1aa18672737fd15941de5b73bd67831	린자이
item|549d9a24edfde2fa4915a4ba1faf3eb0b1e38269dba1987d4c8d39ccc26aae66	이나바 요헨
item|49b94bbc0dd2bd0f4bf5977ac5f2b9c9cab73115d1025630600b5319e18adfbe	미시마 후지바카마
item|2636ae271767a5f7627030dde716c68912ab08dd23a9019c3218d13384859588	미요시 고히키
item|1cc6b2b04123975a8c31b5ed0169c9b589262446267d9d620f207994c571a8c7	우라쿠 이도
item|2686ecd68f24be417244697cdb6220b4f23a04da699eee21df2113e9859001f9	니지 하이카쓰기
item|d07dffc76688b76a80e8551021c4e6688c8dc354ac2c9d2ae22387409d1a896b	아라키 고려
item|3650ad0675d02464ab7c0fff194dbfd88b66317f5e0fa6248ed944b53532e73a	운카쿠 히키타
item|c76bb66658da748d66de3c42b6366ed48836e810659eca32eec06bcd984f0259	시바타 이도
item|021c9eab7dab89b9ae7dfd44c1a148e56d837522f197f9b6e1f4d94a1cb8c185	미시마 오케
item|820b9606a9c28df8b3352c2eabf8044cacd64f86cd7ea68d5b955145621a16eb	우노하나가키
item|16b8528df9c2ef29ad204d82444f96da334258771c7a43da045f84fc2bf71cea	우오야 고려
item|5a3bc0718892532cdf6ad93195616a46e8fcd7b5ad4caff21851ba96403522e9	오우치
item|0dcfa7734a3330407692d087537f71fe14755d2a57578207cb461ab1d28af24e	온조지
item|3ccb6b4059b517382c8ceac0ff957805a4a7aef4c66010faa9abb27720485d03	나가요
item|8a5f11ff0b8e5b6ce5f9151105a9b9508ac39cdf838c421d6b5fa14800054f31	샤쿠하치
item|4c1fc66b8c0d32c3591012210dd2afcce7866398f8ea2bb6123838101daba229	화저
item|458ed3ad6b2a83003902c15294f0fcd8b734b7f45e42aeb7baacc69b3385ccb6	야마키
item|c591a92937b94f48cae8bc50ce484abd3ee9e243bc69eb5b57affca0401f7ba0	유키노카케라
item|8a92c88ef41a8e607ec22725ee40a64e31a5c6e64af54cc653dcbbc6e248f0fc	다비마쿠라
item|ddbfea50ae04df125a85e907c4a37ca323eee4868ee7546e5449ec9d658cefe7	하루사메
item|a6e3e2124edfc976df3182001107dbc85c604fa4917869b2bcc7edf57228e937	가라타치
item|e3c72333e3c579468fd82e2bdf28a730d4e7f8e9da377843dcf9879c6451fe96	나미다
item|0f1ac83988e98374415248866afab0421094d34fc7e3ee28d04c9f45d85790a7	요로보시
item|ada4a4cb6ceb3f5a5636461faed9c08950ad40ca19586096cb9390c6d8dbdebf	사사노하
item|cd974fb66af230561103c1b380d7c6d027d142262fa44ea88551dbb7f17ecb96	가네아라레
item|2731b4cbbd60c911fe25a2fd3a02af6d21c4e2632394a0ff62198ddc6181fa50	무사시노
item|2c7ecda902ece206785f537c60dfdfb3494a9f50934a05b84944b80563524e9a	니손인
item|444d51244239858004404b7a685e6f6a6d764bd0413e6e8283a60e949f923ec4	아리아케
item|4263231e4ba468a0b909edc4fdfb22a4329f850c60c81121f69088de2b6dcaa6	무시쿠이
item|064609b274bf14f8233e9447549d0be97d64d1b2d52c549eee8761203f9a3323	오치구모
item|5ad379f0473bea2c4cda974a82835b81b5e132c14ff0b8de3ed3397a13668afa	하쿠산
item|28dff2c6b85b054092f7f647df384230c4f330ae3a4935ee1e16d97dcbd0067e	지도리
item|179c4c0426ccfb3427b3f4e2e34aa299e9cb3266936c9e2aab27ca851cab781a	시시
item|38de079916aec4846bd03f45a648eabdff7469bd85d68fa98bdc7156f50d9bca	시리바카마
item|6e7a7c2d2c0c0b01c44644f95da5979810d196302b8f8b74d39e11a624b7dca9	아사마
item|5fa8c853851d42352012c95d8c689c3b3fda8c3829e075fe33d03545d318bb12	고노요
item|f7b7b798259e75a7d66ab7824ae30fe76fef6479e56f3e952f5efb06740ff536	곤고마
item|f9783dabf4ec2dcfb146dc0bc230d92d42652e6549ce809ddfc2f5329085f091	쓰쓰지
item|a2dad663a93d0df7edc321aa0a98b63f716a092c00fa93243664c9dc5c9dcc4b	와레오케
item|11d4d82e8457e85cecc7fa161b92e113143fd9250d5544ac056b560dcc1032ce	오란다 통
item|6450b9f05a137be2c9a8fac63d683eecf704643d5fd20a4f4e1b051a1d900cd0	다네쓰보
item|8ec1e4cb9b98f04301bce3845f677b88abfd612ee74355c6e96511ee82447bb7	도지기리 야스쓰나
item|6b0c62e40f3a71bb03dde17c8d0c1eadcc79cdbfba83636957c99baa657b8ef0	미카즈키 무네치카
item|49a310f8bc77716fdf4a0e920a2875eafee2246dac0dc3c22b71ec4ff93eec87	오카네히라
item|fe5adf5e9079aff5d3e74d758513aa2fb67809df29aa085acd8286321e16ff4a	주즈마루 쓰네쓰구
item|ed9be88b58d57b2e55b434cfefdfa192a527c0044155143631e0dda137e8822b	오덴타 미쓰요
item|4731d083062b24bab4b31590bb805dee264349e5c282ecee8640c4a4728121f9	오니마루 구니쓰나
item|90a4c59fe7f3afc4ab6e46005236148a88e06955effaf0b95a6376d2e18e2486	다이한냐 나가미쓰
item|2cc420df1684d3566c0431bfd0ab35765c39e7c0965ab0d7ec03e2d9de327ca0	닛코 이치몬지
item|7626f28b5b4630afba000eaa5a882a061972188ecd8325c0fd21e63cbbe8dfe8	소자 사몬지
item|99c9e957ebf30cd41f457a3038a2235722ad901677efbc04f6f8ac1c81fc68d9	호네바미 요시미쓰
item|fe72c46380506980a5f52acbfdcabc68485d3624dda58409cfb20b45c6db8f63	오니키리 야스쓰나
item|04eb5afca7b378128e839ada067a85284018bd364be0bdf79ef7c8bded76324a	홋케이치조
item|74b6da8661433d500a79702162218e3d3bdc2c4d8fd2e92cb7e3f38241c37b50	닛코 스케자네
item|ef540a802ca190fa41bf804d9a8ad0888cf0449e021f170decc07ed786a2f7a8	헤시키리 하세베
item|c08ba3cfde3bd9b1312ed6641b569e51482e397cc74864ba02431194bb1f1fee	구마노 곤겐
item|212f77021fcacaef9ce8c19bac989ffdc71db84a23727d2fe8345e65d8806040	대보살
item|e5937928e4bb6d29670922928e1d35d940becc39b97342d96d9a6ff9d0c87148	구라키리
item|1347fe1065e7d339a805e64a7231dc9a370202d9f999af728a525ed0ecac2ef9	라이키리
item|8a119c4afabcb13e28eace97d01b02462f16e552c2f1a358bbab099b4b01a4e5	이코마 미쓰타다
item|c57480fee06285458d5c6489c7b8556abf23244e3a592f7c7333f5c8caa7d293	이나바 고
item|406ac9e88f0391ca651e0ccac53190f4aed60dc9bbc08f3ac1de23988a3487e3	돈보기리
item|1d27493c688c2c0a88e1abf2c029714e3ba1d366789049df879296143edc1972	니혼고
item|3f5b431271adf5967bcf715f9ef4e0f3f214d76df6d77da3c42c5f7ba084c93c	가이슈 창
item|47f69429eff5ceff1825fd7e5abba17fe95ab740956a78406b0c04a4bbf602f3	스케미쓰 나기나타
item|ef0bac57ff2905e20f246b2655eb3a7d3ace463aeb9d3f7830e5b63c1fe6140c	가타카마 창
item|fd4e7bec7e081263d749cbec1abc4857e6cda4a4986a2a1acc48f0acd1f29c5f	가메도시
item|c8435ad12449d0c5e3dbdd7cd43c3482fa0411a03a7667b5791f1f7353e89e89	주몬지 창
item|f375f3aafaa0e7628df4f5a9d311b520f8735c1a5767c2486f8cc720b5625f51	나가미쓰 나기나타
item|409853770fcc071fc0fa8c33d6d6146513b345b3801a7c2f6ab35a2b42de853f	사사노호
item|7e43af16a73d6bff5d4aa81b7bdaf32d9df79d72b21380eb6011b56856ddb7ab	구니토시 나기나타
item|8f6ff89dc4de8001de582a097f192aae6d20260908ee2dd90442f093a30883f2	가게미쓰 나기나타
item|1c16e27c44d70f0dec3bced01575190efdb636f2fba993ad8e2bb4e729ab06c7	기쿠치 창
item|f7f0d0c13ee94e45bab90c3b7ffed46756620aca3a7fceaaf8912e263e3b468a	하치만 대보살
item|7c5105fcc11d7fa8617aad481de3778175cd163969a319165c96b40a3a701d10	오모다카
item|f9426771431de2d86e2803d946f68d399f7180db9c0897ed19d7f82dded3738a	가타야마 이치몬지
item|f616d9abe086dd3ee111fea8bef8cdefd2ffa31bade53107b4d3444e7d525d7e	다이마 나기나타
item|f014162d1f737503c95c04f136d858a379e92e1862dfdd80d7ffa53405d30635	호조지
item|2046c12391bed35b41355121cda74747dc6ac034ce42ee4f130ad4e6aea4282f	구로에 나기나타
item|a3c43595f868895b962709b43660c895b0dea643ee0d54708ef76fff99afe69e	나가마키
item|d2dcca2e9152f5362e370280f8b5c5f837a9c49a9ed2593a56dc452b6d82e416	마쓰카제
item|3b9636bd963b8862f9f6f3cf15a8498ff4e9a0be0c8e5071417b67d936d42426	다이샤쿠 구리게
item|cb366a1f794162aa09c791592e76a19c67de9b26ad1669e6ac18737f9eeebdfa	구로쿠모
item|cf0c7085b9181b2e2f10292affd964e5cb0be4ef59ac461747a78dff55b5e076	호쇼 쓰키게
item|faffed4a4e7cc9759428a6802ad220595519e7ffa7db8d3788360daf642e8eea	아라비아마
item|4ffa06f4e4cb151aac91edc024df73d58163aab4411e74a863a580f6a24f0319	왕조 흑마
item|0d41bbbea2b101a2e42352177c0e64bc8e73d5d1f47595f40dca46df12cb6c8b	오니아시게
item|4a9660db1526f90f8423dbc0997f59da4ffa186fd279c086a9aad10b635c51ca	오니카게
item|4281e0252bbaf3dd50aab2f390defcdb4af14e4267663a8406ee264ec91644d1	고카게
item|d79306c7249a17f6886da9a42dd274b84fa6e0f26707b17f671b5428a76d5b28	햐쿠단구로
item|6c42ae4eee6899d84f68ae623e79be9433aaf6076ab61034ad3b9b3f999eb2e2	오아시게
item|28acccf937fe60af1e8c77e02b654425d2c137f0e3006bd61f892d00c6974ec1	호시카게
item|f351458c8e28b4ff19eb9d05e4a5e37ec82a42dfd90b6c467b1a23b89b5c7eb9	시라이시
item|6930f43ab1fd0d839e5b65a657094b5998813a538abfb2eebcdb893b9b4e589b	도토미 가게
item|2e80ee8fb464df03608e5edab845751d9bbdcea89340f1dab7de02bc023690b7	오카게
item|e1b7464d2d5807042c4aa966bb813179994d380c06c3ed9be07780ccc13c6da9	고히바리
item|ea7794b40664cd7153a23a890699cc4e2867f3744db199a7a30b11de5967c82c	사쿠라노
item|c224fadb032b60aa9a428086be2c97acbfc6ef4752fdb18619634f67c763731b	부지
item|d0a343ee0ad32a1efb1b8a730e6812dc6899b911a4e710b4f7cca702e3fe103e	가스게
item|5c53441ab98baafae70edf8122680ef786309702ac70614326d6708554e651aa	호시자키
item|76625b621f1f1287f82a347c2a608f3cca217e7039736d23d029c95e849f7b9f	일궁
item|e6fc0a57c77df4a6e7af058e36dd5f1e867e8d82bed44b04497e816f359da82d	비연
item|2a9abea32d327edfc33042eb2a08c547d490186bf560d26bd871756737e6644c	중등궁
item|ad5f05f19604111350b6f13de2ff735da628a327b2ed6dd88e4439b8d6da40ef	죽피궁
item|cbe299a086075083f09971859cef952f4298702fcee5fcc0c7013d9cfcf826ca	위계궁
item|2688a59d82be22f977635320277a358845f0e95d5110c665127283fdb1750031	등궁
item|2ed5d347b4f1dd43d11c9b6816889d318610425044893af97cc7fcea7b85cd9d	제자궁
item|5fd6d261044b948141ad9a611cbf6dde51e01e7392cc68add8b7b7c4632115e5	상등궁
item|5b9f3ebc84326da57791f5963e3c305d1d212501f104ad4375552225f8128175	버들궁
item|cdb1b0a5ae0fd9bdcbb0eae1f89e772f7994b1473ed5581bcac8578d19de57bd	다네가시마 철포
item|0a6c8b7253a015771a57e19d1799d50f079afc9ffa90af5c31a42d5a2003b0e5	사카이 철포
item|bb9f30af6832fc658b985cb0ff79f3f5124db2594bb4debafa17d56342a56309	구니토모 철포
item|28967c0c3fc84549b170c854872e8309f2937ad358256aaf942a78d5b42e8152	기슈 철포
item|72f05be12268a367cd0cc64a5c4db76646a00bd075cde1bfe103c10b77f5cdde	사쓰마 철포
item|9c0aefb2469a1dc577e7fba18da31fea150a56af6f7dac69e9bf49b20974d961	뇌관총
item|105108df4e64fd33332d87e07b27d975b71356b2e27587860b5fd6fc693212a9	격발총
item|4cee869e28ff7f0b29e60dbeae5e0c53aae9276b9a1c131950ba21b8602a34ae	수석총
item|4e891f91e39c35ee3c657ad7c2ed619a1079e104b74a0cf8d07d4ac77a108905	라이코 총
item|478e5ec5fe9296b278a897fa9189b0894f7092e40555a1ee2eef4a5bde7b5d48	강선총
item|103ece43202f3c76efc714e478ca842f9bc4daa1c6b6d26afdafd3898547e161	마상 단총
item|95707459b78ca6f9b453a00135654c6913ff32e26c862760c5a95d9edd0ebca9	회중 단총
item|10c8f3e8363d135fc39aebfe049c20b94ab35be08bf21224f33d6a2145ecd240	휴대 단총
item|9ab9a1b644c4dabedccbef34f325a367fbba250e7a5f057ef82ffdc518f34833	바구니 단총
item|f3245d632302c30c94e38b24aeadd9810f5a991aff50289c5db3709caf68be16	짓테 총
item|7247e5cadaf8b70e1118fa9dcef8d52f40c196a290ecda93f808f5fd4d112acf	금소찰 갑옷
item|c9f1d8f81bc1129978b252108e6ef612fed16b671c80cebb1a5adfef01f42f70	고자쿠라 갑옷
item|daf5b1fe8c6cf4b42d519a28ae78c801ca61fdd2d9fd6b2cd61dc09be98899f7	흑칠 갑옷
item|fa83f3aaaa8e30fa74afa7fbc4520cd27ed160df5769e5c0e95793bce5630c5e	남만 흉갑
item|61951aa0f886a1eb03514fb178c55513bae260aa50ad72891bacbeb10a9da4a4	남홍 갑옷
item|359c6432c1c93235174d8224451e964b6da6ca8d719396c90af3230d245da0d0	편소매 갑옷
item|a8ec094ce825d13fb66bcae37f29ec9c263d149fb8c0b076ef0bf9411b2089bc	금백단 갑옷
item|2a6118aaab29a2157f8085a70f47d10fbc911ddadddd253fd82c137f20106ec9	시다 구소쿠
item|9206e561b34e2827e78542f539e58be0e03079dd8aabbfd5d85766196b819bd3	금박 갑옷
item|9ecba096caeff6dedff701197d9f3c80cc80c86a0e1a58cc7c8d59d88b7ed25d	자색 모가미
item|d58c25399838ea491ad9caaf961b3b78d8f52a404515061d7a8918442d4ca2d8	이중 미늘 갑옷
item|21bacdfd0816c475fc54c920c2b57b01219a036ffe77379773c4bdcb6f7ff3b2	군코
item|378f564b6a02f92b115b11ffbaa078ba4d352132cb0d0eb6a30960d072878d61	황금뱀 갑옷
item|b439cd1f451c36bf8cf6ee3f02333a6fd1666a0f92357d30546d60c7132bdd88	모에기오도시
item|8b78baa2ff828132b0e04c5b8b6630781793fc4884644b7327c5cb7679b2ba02	주칠 갑옷
item|5b4a2c42d4c5ae2be883af3171fa1ebde2501c76d7d7597e833cab78d157de33	흑곰 갑옷
item|ef82e201f0fc48379c3e77f8babd7b6c312560ba8a89561c5fb37a991c453d49	홍수 갑옷
item|98d327b69626c54377a348fad1ea275036963dcfd39a8f6c4b10fd59a32a2bb1	흑색 겹갑옷
item|463dadfdf7e6b5ca95523e574304c3a0b5d0859f43d897d88d86d236b050c2b9	밤색 가죽 갑옷
item|b1c3f53d685a9b1fc01009c3de12d536193c424c2962b55378a6f15d2f9bdee4	철 겹갑옷
item|cfa6110e7234356b8c8cdbe3b3558cf46b2cc7e2424421ad718b62293f9cf1db	사슴뿔 투구
item|04cd8bf321cde97de8d4866163619644b6e380884b9b70a6a7e95a16ef614fd6	바렌 투구
item|b7f908965093670ca486601b562f1e8176d6f7647424b4bb08825992bb5dc382	금은 상감 갑옷
item|7f74454d6a35297741c04f1467ac85aca4f4f5daa335e6e8ce705432bd668600	금테 갑옷
item|84778d789fdd8dd9060472449080cdd20ec0ce04309108a14260d714da4a9e37	이치노타니 투구
item|e61b44fe1a2ca12028cec09e8833d0596a882cef25ba1eeda1902f1bf5880d7d	초승달 투구
item|e3a86818172d425a24ddf127a01856641bfd7bb8c61bff686ae526c819ccd2e6	은박 갑옷
item|792d71d5bfb9029d656bbda9c567c7b4aa7aad6412e94dff2479d18988c2abb0	물소 투구
item|6704beec0167011cd2231f18e68b43d6050321f9bbd266da5df03a8a1c81697b	이즈나 곤겐
item|1a1cf3b98a8faf6827e4998b1fe91c8e08cc92af527e25e30625e7aa8bbafd78	당관 투구
item|17cf4db1009df80b8abb2bc7c5eeb713752663985c618ffabdd0cdd30ddcf4d2	첨두 투구
item|c27bf5b3d65809a5f4de61dedf5635f827123c79d8c095be906e44199e7661d3	나가에보시
item|02489fa04cbd328dfccdc03e665713c86e7772fbd4a8a7bea1cee03fb88c9a05	연미 투구
item|3e07b6f9b5cb546934a9f44513d7ad0ce1f3385b2490f28d91cd0f9e5c958be2	가리비 투구
item|c49289344d7339f532e2562cb50a8bb3d7d21412dd81da00bb5328f73345c26d	메기꼬리 투구
item|632db032f7546eabe8ef5aa68b17b7cc58ee17aff6893387bc1da0d1cbe68722	62간 투구
item|6461950f4ecf6f4eb1eafd62d50a9663539d505df7356a5d7ef86e5e1ff6a97d	12간 투구
item|bc83f80cf5f4463e9090e89146d687c216cab2448fc6f21359420e065e93840c	22간 투구
item|74792e4522f6cb6430920d2d8fb73cefc408071f4c5c5da9782bd9aeff56204f	시이노미 투구
item|8cc0e329eba36ed5a33a563f179676bb82ce78a54ed5fc959fd24615c506748a	녹빛 투구
item|80410f9e691d1f6a77e42563b67c2772e24f671a88b0d5accb2de602832461cf	가토리 신토류
item|74c897aab274f64df07c2fcfdfddc2ea6ea33b40ab783cfe7adfa66c7e0287c1	신카게류 가요
item|29f7826a12a04fd26a615d40953313578bdf7743175d8bc1451fdc38dc36afb3	영아
item|edad13e94bbc25848aecde121912709f6171e8ecca218fe91c268c0a533da231	오륜서
item|b3bdef9e9fc91cd5e0e2e96d0e1eb3e6828b25c11e08114f788791dbc87ea5cb	전서
item|fe26a82c21344171f16637b10c4b305fea81ea79a75b74a95ff4a402295591ed	잇토류 전서
item|6586df9a9a7665ec83254d6ebd97991735fffa67f55f9cb2ebbc9e1ffa645fa4	다미야 이아이
item|c6140cdabe4b76ef9a0fc0a392467dc17e63c092f2e2fc5a8c00edcd30501c21	유구모류
item|f4a6cd31ed4e114fedfa1f939c544cb35ee04c97ee5da62bd15ce684218f0dfa	헤이조 무테키
item|5176766b2c4b213e9877db7ce74f2a17d3939bd5e9de639b7b1277020c44aab1	일본 무예
item|00903c790f881228ad615638c5ce32bcfea1f28454ff11596da4828fc04b2603	기리쓰보
item|eafcd018a227525115bda489d5ac44cb0cacdae98247178cd613b2a93d922b0c	오가사와라류
item|f57222455e945d844369d93ff99ee6215861cf9b214de2af77ae13f023b7ac8e	아라키류 마술
item|073386930a384ded13a742af6b9ee1f73275d81580fd2b2939ad1814c7494626	요시히데
item|6c61fe498281f4216fd03973936e6f88b0142654174538f4eb41987dfc4c965a	침묵
item|14607d9d73d927861a5ae1f838dab3ef0af3dad015846780a603c7dd31d6676a	기병론
item|cbf2a99cdb17bd8d0c484756a4717ad677dab0182b34ebf11cc5266dc0db3f58	기사서
item|91bf202426eda3244dd7e27364434c2e222629b3d8464d236d7e4a6db96025bb	마술론
item|4704cf24a1db38996a803df49d6517f523a7d47fb11685f0374d647a03d54a60	기마가
item|81331aca08d7c92875d0574779ed0ececcd6af87151915ddee7bebd3823cb3ee	정마서
item|71601562b63bb853529a344fc0886632264736f1661636ef84fcf601e701d050	헤키류 궁술
item|ca2695e4c2479175926c0c9736c42269c922f166dae849ca96578146a5fa5f7d	요시다류 궁술
item|9a3a4ff7ce6e043b338f0f21d37375667a7630174c52add88b770dac49a7d226	궁례서
item|da8370dda58e12196f12d40c7f88f19bdad85986828540fd204c3991e144fc68	사학정종
item|60295530d414b4b7364e7b8b7cbec5bf7abaede9f9845bb704744a0b1a351eb1	궁술 지침
item|d2f0a9e019feb3a1d9daf5c8a3df4b8f24552ed3a363699ad539c196c291099e	이나토미류 포술
item|522399fd640c733efcfb95265488b62e75c5bb04df9404515056ac4398ea90d2	쓰다류 포술
item|e5c5a902655d648106c3c687b944ce7e94ed429423fdaa2a639f1f356b37950e	게키류 포술
item|d52d3ca3e6a46c7533633525aca333c5db1245cbe3d621339581197cfb175398	다쓰케류 포술
item|f178e546b90eb7c2baab604f71ff0b9904b4ecff854e2cd041d4de7ec160663e	세키류 포술
item|44f3f5e5b10d4b6fd8b4144a8f1b80b71225c1775d8021fc45a4b936fa67e36a	가스미류 포술
item|e3625ca6cc4fbb365a690b55dd3c2ae51f01eb6f616bfedc2bf647572ff8bc36	오기노류 포술
item|59c2d9941503ae909b78e20d2ae9aeb4257c7bd7d259ea40f4877aeea6093783	다카시마 비전
item|f7ff21e859aa335f4bfc65395abcd3150c4f8c5f2f958eb56f584542fc1542da	덴잔류 포술
item|fd89858e336a2b9508281372ca7d4898998f9071bd9aff54176346cff1319e04	나카시마류 포술
item|fd7b5b1368531f6d79b957b868df216a69c14595c762e1061ffd3df2267fef81	만천집해
item|07ce814191f3659d8b60241653248363689d07d17009f55018589e927e867d42	인술기
item|dcfea65e6923c80bc16b3abf153b2c4341b847e83336777b19cbe5c5786aa185	인술전
item|9e0871bf128b666ffa3d9fc8666553f94e6e958fd4eea78c1b2663013258ec99	요시모리 백수
item|04f070b3f5f9ec3c4123e2541cf4a2c0e0ed4ba937a4bd5cd951a5f863feeff9	인술 이설
item|4f6b0994f1a77bc9e89f4bfd7f1c107826e63673d1e55d04f4bd4ccf03b25e22	컬버린
item|05a1f70dddc03aaaa1ad3fadc753607de5fd523ead5006c68e8ffa851c3ab064	란타카
item|15300f472fb2a77d791f80e39fd3e8d457ff75f9332017e1d1575ba13f09ccd6	세이커
item|7ba83c83835cf78881cac7ff9423c8769e0267cd5f9bb265ed1ab91a5697bb7f	라이하잔
item|3d4d1b9f7a00c31b375803a85fe78aa6f1633748bac50076040130bcd08b949d	시바쓰지 대포
item|c44a491f9a545835c0493f6a0dbb74b79e7bdb9f4b0b89e9206c194f3a995e15	선전 기초
item|acd7c36a2eacb1f31fb4569d70c20c5893a2c9b259db0c2d8c0f19dfa6cf32ac	선전론
item|7c2f048354e460787445b2a4dc88b7c82209042bb618d408e32c1e3f3e7b853f	수군 요결
item|92251f23bca9461e279250a3d558f4a787d0df2881f2cc6ddd0e92eec2472838	잇핀류 수군학
item|7204accc6a00c029385bee7f6e50cc3cdd6239dc8638661ecd2fb8e12d61f9a2	수군 병법
item|d6dac170b7fb387ffb06dc5a11b90520648bd5eae6aabca2d94a74caacd22d02	축성서
item|6edaa95701626d93cf0953457ceba0fcf3a480e9af58bc86fb8e0c486a54511b	무공기
item|1db816c3388b530269046cf5bc9378a151255d1a2904d5373e083ef271c6ac35	작사론
item|c690bc7f8f09a04d28ee31ecde368a05aa3585ec59cb1e212d8a9111a9e0c9c6	지형론
item|204a8c257066b3956c726ca0a0c42dc31c538bfeb0b35cd8d9f944ff6676586a	장인술
item|be1a41ccb54430f402881c85eebafec74e51b2857e31e87165c30aa62a724ff2	장인 비전
item|dffcd596f04edf078c940e24cf5d6a227657fcad2bf26a9bc6faec3b618ba667	병법 교훈
item|93e6fe5d6d6902ff63e2a943bc961bcc58b07004c1a492b965d4b992157bab09	비술서
item|7d5f40c56a194dc99b2deb0fef88747ec18fd60b45280fe7ece818d72cd11b5b	모형 지남
item|6b800a50861f8a1484f14c528374d636374e4be974a76c210fb7583189fb76f2	전략 모형
item|080f9c3e97a8a0e6e1fdd931902cc24d1971cdd710fa90449bc82a933c9b9e7b	농정서
item|7c2964c2fef30cc6d94992c71db3cc7a9126bbc43a34f652d47be809fa19a5c9	국산론
item|42f5ccdc3efca68eceb8ae7661d1c3f626381c13f0cc026823ff56601de349ec	기요요시기
item|4aa67a462605c603894525262877584b71af491618cbb62813c5725515a173dc	제황록
item|7bcc950a4fd1f6ea44fa762b1981ebc41709215de706b8c7f68625fdd5c81be3	가전서
item|3bbcd47ee74e2008b3b29dd90b0c4acd33c83730ca590b36b7b0dd3b5f040bb6	이마이 소큐 일기
item|3967407e2207ddbc1d13c9ea82aa436f4242617a86603e6e394adbf69beb8d73	인료켄 일록
item|3350e8db1d4b5057d08a071cc5da0792298f7f4af048e4ee7342d4d30f0a7315	시마이 유훈
item|713af98e24c750e1c8075a68d94a911426b612128f3b9528d139a18ed54b18f3	마사카게 일기
item|d8b9f8f17096b54e9d09476e3a732a86d2c62c936bf571a038c8f08825479ee8	마쓰야 회기
item|08677685e7b88aa3af711993a8f83884ede123d798b6cd530c8b1bf8af799d0d	사기
item|e205c0b2575e3f950c1c2b7bd63fcfd2221a5e66ea1073d7600bf9bee8d46d6b	정관정요
item|35ef8ea6e6777b41ec6520a572b742602bda51b379a76f6845df1506c342a6f2	조에이 식목
item|09024d0d50f54de0317cac5751ede2201c358e2d03e96b5eac735def11ae6067	논어
item|da5ef57b280851ec33a551d1bdee005b6b5d2dd5cdd17d06de26a411e3215d0e	고사기
item|dfd030a54e1e8d81f77cde55cf0ea7847f11f2bafffd54a21f4c365e1006f7d3	십팔사략
item|e22cd20cf7bb901b33c6bf9d64487b216d52f94bb650ef6cb327cfd4dae7def7	일본어문전
item|d026c3e835c80c8ca984c4237649693d4333af38b7f2661e19182f6fa4254cb0	낭영집
item|c3c1598f713c3d66adcd8bcd69fbc0556da2f9c3ff3ee4d80561e5e08f6259e3	도연초
item|24a3cd015306dcba6853d1c3d8169eb81904e4b86c1dcc7fccc55557423aa7b3	절용집
item|a244aedc081a1d2c24e70bec627858f65a70db0f2e0aeafaff7b3a35b798e420	오자
item|66e9c051369eaf03d38d82120115a8e0c91c1078be0ac291b9e2e1d4dcb6ab0e	손자병법
item|bfe8be684b96ce23be1df4f5859f5ad43a0d365770e383bc45f84657ec9704c6	삼략
item|a0e81056a0d314539e406fbace4bb2282581651af36874c899b6cd7d7297098e	육도
item|c3c414194f318ebbd9485026a1821fe0aa8ea14371e0fb8a0b5ffd4330f2e9f6	사마법
item|d98d07147d815d0022c86c375728ba36ce33b53d702911eb9ab0157b0551e415	삼십육계
item|b6f3b897e8064ea8ae03e120971de728dba6f540e9e6d20c3c9f4980f2b5206d	울료자
item|861dddf217cd5219e6e8b13f2dbb07033be3a41e3c788da0e0b30712f7329fdc	귀곡자
item|e87c339fedd2a90052397126fa2f61818106e9d0f6fe19a6b6e727dabd3d10a1	이위공문대
item|8ccea4b1186edd91f08c2b276c3d4dcb442ea5f6d774fbe45b17c699cc76fc34	전국책
item|14c479528ed1c6f87b857be81c3ba5b3728b7322f008a1c4f74ef7edf0d5e474	삼국지연의
item|9faf7e5a6d8c908b34cd8f48def377b9716a63e8df1bdcdff75a70e0334dd84a	태평기
item|85329d8b46a97eb9397b05936c0370d9768184f3acc8e23901d1fbf6cf9b250e	헤이케 이야기
item|75c27afc19b55371fddcaba0ceb5ee23211a1bb321484456c9c8737826b5555c	수호전
item|0352ec5cd0240634314db8062620e03bbf29435e740bad36b641617b2fca9a5d	기케이키
item|7cba5c54b28bf8ffe20c2bf04c79ef4ca4212a9e7a6f52888ec211fdb4051b2d	매송론
item|2eef2d2344c04c9777f7f035646b7343a784abeb1ab4cff655b825fcdad6b3a2	몽고습래회사
item|1f6eaab557bd6de63d830fd949795e6f678e5291c83072245a7608d7aea7756f	오닌기
item|68caccf2b665e81acf43d1e56ad0468357a9f7af62b009f7a250102a6c92fe5c	조큐기
item|b8632d696feee4ca8347fbbf0d1e9e9197f93ffce1e448bac7ef419b54511ff1	에이쿄기
item|8639be543ba547850fa39069b27fc6205a7b88f0f216c96d0c176312e9abdf96	의학서
item|8ebed6fcf855853668010f9bcbb58796c48b8a592c9d16d96c15ce55f1cab168	미키 의서
item|e8ea60d830aa962b690a31c4cbc2e5bae5931c5ae11fbea827c14d514da4a630	계적집
item|a22c4a2b4d11c18f3ee2c6f3e3ec04b746aa9485c979a49197960a156ed0db23	도쿠혼 의서
item|3ba23d116699ee0c344fe494c8ee3f2eafdd4e8686bf41ab9ce9a326dc66d20c	팔십일난경
item|cdf930bcef810228c1b8893ded0b8a68f68c4fc336f3b885fd8a7323a0a514bf	소상팔경도
item|baf8956e7071ee0ad84d60ce1a0702f0827b59a143e19c53cca7d15e3a48b6ae	포대도
item|95b6e1df6d296a20dc9bc1ec3ecdc4ad327a34d0eb334d5cc1d1648386c16d67	관음도
item|5361b615ff4e4a88c6ebc73155ebb67f6a753c61c46bc14a9ca4f9081084dafd	석창포도
item|bf0968cd6a1db51812faf00bfb16ec03ad0b7399aa0871ac3ed224869c5fea2d	율시도
item|447f42fdc951d4e10671cc3d1ef80da4805e19aba991d936f412c264b1e2f295	백로도
item|ef79ccd717cd1a46b6bde8450af6975897a49d54b7cbf780d2ddb6529a4c2beb	화조도
item|6c455f5e6343aad487017e00afd6e0b8ba5b3f2adc65ed8d9de409844a7def13	과실도
item|3b67f1c91f4f245f6e219b364782ac53e912420f2284bf6a700e9cf71fbeafac	오리도
item|0eee97d31fc9c61613889c69879d42b04920e10d8f569c13ad6ca68ee6449621	조일석양도
item|9736dfb085d3fdad6acf34a6a8504e79dc32b9cf5005ebdefe58f829f5f3a11d	호두 모치
item|935b909e5319d84aef35b25f4ef9550d670f64933875d692d4ee7b95ab616b5e	보리 라쿠간
item|79fac0e835e79a703be9aa2ab071fc25b035c432787a75e18f44c32b14dc6637	카스텔라
item|1b248fab70060e690bbd886732e634e8d6f2b153d2a7a4af6644998a60af2da1	비스킷
item|f186253dc0804638b4d83c14d6ac9274c6a759f071b4274c301e5cba09bc8409	별사탕
item|3889e6c049489fc3c748b912de47aa167c0421940aa3f3347a4870160dcf980d	포도주
item|641848f4338dd6e37b4fa1d53ad641e9af9fdb597ab6810732d5ba97f10942c1	핫포슈
item|e488626fed02e2d2deb706441ff5aec84507ae902c9d60921ef090cb728ef288	보다이센
item|0040f661030492cc9bd18d7b7de091104d4f6786c2d9bdeb88701820135da932	아와모리
item|2758060bedd99ddd1b5e56151f3e82ebfdbe65bb1c9ba07e8931abffb560cd40	맥주
item|2e8d720961be262b472f4b797ba9bf8d9a31cf793e95ef4960c4ab587e07d796	란자타이
item|c9989703202fde0de67e309712dd849385b45cb08c88af0f86f41bd5c5a49345	홍진
item|c51c22155ae27f367ff5206772d95fcd8f6b8e347fce07497e77c4b7dded5c64	양귀비
item|11cacb494f769f4c30cb762fe4b5daa2d03fedb70fb024aea1d9b15923e78c41	하나치루사토
item|e9c1f516d33b9fc2f0caa69ca3ff48f2ce5add14c6cb38ce1a893ca16110c374	밤비
title|deec9208764ed71e16155aa00837048319a618d0066f9eaba3f56a91ab7031a9	관백
title|90cf354953c536c20b54f17ac143606123cf1609729e2c8b3cd5eba485a39c6b	태정대신
title|dbcb3d15ab9c02d0074c2a9ab1307e415128b63e19abc872570015485896b925	좌대신
title|155a3eaf0dc849f52ccde054ba5194c3a56a354b08acbaaf6bca81fe15a9eadf	우대신
title|4d07234517ede1349c8131f879009ca0a5f7bf85c02ced80b54134fa3f002fa7	내대신
title|90d99c4041d76d1abfc5428b683f861455e6a329291c32a237db2a16b1c8a2d4	대납언
title|4fe24b0dff4c8e23c5400fad54c414b50fc93fbd5019ab487ac6da55bf2a12a8	중납언
title|5df3c52760a660e972a5cc75bd3d768a94435c55711c218a719d4977ba5cd5c3	근위대장
title|a5086c04406ac02c567232be508a4f72693d2a6b21ecb4c33250297e70ad7266	근위중장
title|10b977577ce71cb0898f81a13e5e0601ede21d75622a3e0137d51f20ff0d6261	진수부장군
title|5743ee96fe9e7ec131ff26e47150c60c144d3fa4ee16a2880cacfa7acc68dbb4	정서장군
title|f01499a0430c99a03c68a129cc243bb19fc0e91bb213cbf586d6cdce71f3a6c1	정동장군
title|09d2d87a86fbca1adbaca2cce2291fdc9959d7827d47b9bd4b410b71a6efc7f2	참의
title|9c39bd2b9a17060167db1117a1c7284946eba680ea88bbb183bac3524b817f19	군사
title|11eb22157f1e7e361532233c480f3334d165f1ef82c806418bc80b49445dfcaf	중무경
title|6a11262c2b9ffb9d73aa75109d904b3d2a4087022786b3c7fef0c69242d31f6e	식부경
title|78b0a1a23ec29cecb811d1a8d38a6ebc6d4fc49b219329a2cf219f717c5fb778	치부경
title|88c0e6167401a8c9a28f6e75f9f0dc6b5eacf34c1311ee0b59a5fd42d996ef7d	민부경
title|935a4b26cf4aff27fdb1664229c7395fb12c5c8c597a52978018d57f35c8f423	병부경
title|3d9d5f90ca1515373e017f92668e01caa2c1cd34a9f273727f1ffa2ef8a698c3	형부경
title|44310380ee62c5073efc0e839e8ddedcc5422f37c82b9cdc45ae31019b667363	대장경
title|edabc720797f1bcdc6c279aee34b4c97d30429307c4be52d7c15521fb0fff4a9	궁내경
title|d5668e0876cbcd8436ec55f83f6506f2d122589542e4b788644e87fe725c12ec	경직대부
title|94aa289b1073d7ae57f092704a62a2ecaad54408a0c733d2c7f136a64ddd62f2	상장군
title|3a1aa46bf9d16a727da90e64235952b0d913fe73ff7039597661355c3e49b434	표기장군
title|9e063627c43bdd97bedfdac9749f62cb517c5d5215612215579580596c667e9b	거기장군
title|1bd0620caaa8df67903e6349ccbb0ae7c198f91867fe05b783c32e67e0334eb0	용양장군
title|11b8fce14e922a6564cc32ce07c7f83684aeb7a2dff8111e0e60c0e17ecdf775	호분장군
title|a911759d18e27949432f3ff104504289f907bab28da02563677b578909548b30	화덕장군
title|20f187ab55f295897e126dc4862417fc7497c00132766fb3f14e534066f1f219	수덕장군
title|c2199343cd02f4f10c086c75bce485bf9e9c3abd29f005f21cd51c47a4222a4d	풍덕장군
title|9c0d2aab1ed984d78eb0e1dcc8a175c8fb3d471bbb71258b4fd921380283db92	토덕장군
title|e9d7a0bb72a1ee2ea5b3e81c520b0aba0dfd631b9c3dbd93591c2125ccd63180	대장군
title|2c02f4133010ee7711a15abd28835a000920c277df7bafbb53f6f7f17bb28f22	후장군
title|2a4ba9a383dbd891a6a1f65cfebbf0f8d2a927561085d7fef4a2113c3dbe46bd	중군장군
title|c618120813c4ed08dbdc7ae55183e087737f6bb1f046459058d91bc0c5c69343	진변장군
title|13c7fb700f880d6be4f39f9651ad870ae4b1f812b5512d8c746531d6bbd00595	후비장군
title|43e8c6c13c8a5a7cba8d44944cec2e395835069d49820066615e61b1ae1432a1	중무대보
title|6ec559c664f39768d1faf791a1c4694e686bd0c18131d778f817781f0e2775ab	식부대보
title|c1013a26d09ca1d29d493048bc5fa45cc1c7c53743e1c1383861fdc0d17e1d77	치부대보
title|321b5bd6a82c196bfbb76b013b94ee9e26d2636dc1dde8683af8e1801cf130a8	민부대보
title|ff4d92ee0279189c872247f6ad317c477cc3567de81896d7d64e173e4e952b7b	병부대보
title|f226c35c2ea6833a97be3595c5383fad5ec7e27b462144ef96e4f43772ab7373	형부대보
title|0e6416a68f1ad27804bcc75d33a22564545969b743f2ba28ceafe111f3891480	대장대보
title|a79de797dd80e6b07ee753d13e37d63fbd4e1b9686316f82d739c971d9c2e542	궁내대보
title|9ce5ebfecf69cd4e9153315acfc1316468b031e05533a284398ccb5ec3721378	포술대장
title|1f6ce2b513a76a1523bf44f6ea25b6444b9ffdb7d9209715384c8f8222c33131	출정대장
title|5baad09b0083c619d40a5f0e397bd6d5b418bcd397cb2d91f1e8df46ef3e7e8a	군략대장
title|ac169ff0d00a616893a12ae13affab07fc56830c5b031d1d15b99bee018b8482	기마대장
title|38f1a1444c5e031f4eac5e61e9dbdc4601b874178023aadbd5025a90db9d84e1	보병대장
title|6b6663efb7c5c2dd28820ff6359d94863ccb3654f24b929e956f3a644e885b77	서기대장
title|43bdae76f6cd355136943565f662f7914ae634a2c8a2ffd2e5f0bf50cfb536e1	대학두
title|7e5a2e0ddde1165f059aec420bfb1c73a12ca97b31e0662454083d52618ebd35	전약두
title|8943240b338ff27a5b6e8901d56ff31a32899c5fda69365b340adc81ac4f554f	아악두
title|76fc27e337e7e8d8a967639a7d3cb2759206d3921007ada162cb07b292de5502	농정두
title|aa14b89d450ad56afecbaa6de8c8b857db54da86571a8d5633a9b9a8c1a6371b	주계두
title|ba1a3333cee39b37894816c47697c1ff6f0885fef87681a03aa56c392cb3b34e	목공두
title|4d76f727da99ebd17ac31ad1c34627b1000a5500c6ef4d02e486694065f1eff2	병고두
title|63a51aa078ab3c7063426b25f3f86a9cff2b354f16a87bb025aa26f673834e10	조병두
title|0793b7423722e81a95e5a53dc8f775bc94d9d14d8df2f21b7cd15ae39404e69b	대취두
title|6cb11ba74cdea75cc598d16c756aca8365a7e5f331aed5a1b35ce653889adc49	대내기
title|e4a27f9e31c8cbd4c57d5de85c92497d20696b01a38b679451bcdd6fc03aa8a5	소납언
title|0ad09a2185bd6c1fc8da2010fba16a1904d5581aed2d7d36cfc1c4181b816e07	야마토노카미
title|6b78fd05301c668c32a69e0d2981b54a32c21bab9d4ba50238658ba8d8390df9	가와치노카미
title|33e67b14959c3b94a326eb97390d0dcd3c8c3bea8f51e32ca6b28ef6f562c2b9	이세노카미
title|3f1aedd82ca65c832bb39d92a1defa35c7e1862fddcd2f04118c5073d646d100	무사시노카미
title|51c2f1961f5fb64f6eb4c86d35093c1e5979fcedbfff16d7e54e4b5dfb46dcab	시모사노카미
title|378b894874d6d42dd1137e83d10ed65128bd3ffe62cf3645557d176ea8fb99fd	오미노카미
title|a9dbb64c0338b4a2d71d4f7e1245e2025864231ff52466e88ba899f34f52338e	무쓰노카미
title|96ca36564b84da3f3dbf39cf846177de0dd6f64c4bf2540a2f53542a4fbaf7d7	에치젠노카미
title|efc8f0d3527ed3a3c132c25cc70f900b3b1dddd3570d4b7df8b63ffb34976774	하리마노카미
title|c18a9653b7b8c989ab1d00940bc223a2696e62f93908855ccf2cc2ce25654fd7	히고노카미
title|1851c139291b54e440a60aecf3c1d69dd13ceee56c51ca961fb0f93846719883	시종
title|c22aa503be28a01148c61b2883224400f98f409e2c8797cff692c66c006974ee	중무소보
title|76281fe9c7e90fef80d5a8e09b46782acd39ec1f2ec2e152f623198091f26910	치부소보
title|42abffd6ee0a14793795c8f6bb0b0b12283ca8ca16ddc843764d3754fd9ef27c	민부소보
title|0abfd157efc085cd20e9f8ac3542d97099f645df16c463b36242c38f9a646a55	병부소보
title|c98d1dd24c64420f56dcda56aaf499fb783e58716e1330dc5bb725bbd2ec51c4	형부소보
title|c51d0157eb47e68ff7d3fd305bbf16f3972d281e3d826329365b2096569412a3	대장소보
title|55b9081574046a694e04251e184b397afb6b9c4bf0e6310688144978e6a1551a	궁내소보
title|04011883c4a237a949bc95f4e9d26640a9f54aeab5f94b8deee317d413d5d458	경직량
title|c79c1302087aac125636bbc4813406b1892acbe286a6e55677874a3d09f74836	진변두
title|c828b02082d2cdc5af5c04a3e59b84f52335c9341f07afdb351bf49f15dea90d	후비두
title|210f41e6850471086df71515cdea2af3032b2b13e8203fa58916ee7437c22168	내장두
title|e95f58f539aa22a26ca8edfd60fa647fd0eba344a3228bbaeb633180a4c0f8f4	외장두
title|ac16f5e874265859a814a4a92b6d74a3bb97bc1ac6c64c42d1792c57cbc44336	주세두
title|0905d39ecb0913617b9853fcedccf5cf1109539c7249be53b35c1873c648a7a5	시정두
title|2e786c488b83f8be6227bd1b9f3fcab07f0a54e31c228694c842752303351448	위부독
title|ea26d031077e2191d7555b595d8781daf3ebb1dd1351224fce739915273db42d	야마시로노카미
title|0bbcee16d3b21dd6a663ae2e5b71f895818fa1e56f53853260c71db30d218b84	셋쓰노카미
title|2a0fca0f6d0d270a63c4742f15eaf4fdb54b515eb8b62c62a1bb0f9fc6c9241d	오와리노카미
title|035164cd8ce1ae68f970cc1ee8a4047efc141e704b2df30b1fadab35b57fafb1	미카와노카미
title|9641c1741c30f0263bae5090c82349d30b85e22a70c6b41e57f201c87ab60358	도토미노카미
title|9f032251a258621994f6decbc8788743c5ba990ca3985b0d14d19447d1829de8	스루가노카미
title|6f709ea8ac862d74e1602ca8d559bb11307342088619179557aef6366f89c8c7	가이노카미
title|3ceb76835b2105ac0713d1c204c0f2fa76185cb142038a7d40efa8ea8e024d60	사가미노카미
title|cb5cf4db212d633855110be35356fdb409f5af8015a2a421392340cbc0bd8dcf	미노노카미
title|d5626323818e9fe2cc01c0acb63b2052a77874da289a4fa179d6dbdcf11ae0d0	시나노노카미
title|700dfae74ceef7f21be985f410d7672ade801ec1065d0d0d18ba2334f3ee4bf9	시모쓰케노카미
title|0aa3f987c8b72821ce2a7386f38856911e856e1732fc7039ef2552eb80686ef2	데와노카미
title|49be31db9058aa91c4b3d3e396db92a62b40cc9148bf00ce200d428cb390efde	가가노카미
title|d9027b20d986ee3883c3756166fa758c4e81c509d8e94b2d4a9114a49ea73eb7	엣추노카미
title|7ca24dfe0c6bdcbfd690b52f26499367e44ac702013ac5b0030e49946df97cb2	에치고노카미
title|189fcaa2a917f9a0c75f0b27ac0b08db8f4247c0b786ce9d58a1fea42b786f8e	단바노카미
title|7b7ee775d985645041717264936c31d2eaa388b030dfaeef5fcb77d68daddb67	다지마노카미
title|71e27814c953e75dbd23f4259dd9fb6c049e90165d65d3512b91f0e91abf1911	이나바노카미
title|827afd3b32caef55aba9d9b9fe8c807bd342e3e7d2b7be24dae1f384aba891e3	호키노카미
title|a704241678f97ecdfba536208b85940ba78169e996bfde46ad1d41ef940ca162	이즈모노카미
title|5b57711acc70ae20186a0b6b75d8dd44766487e4eaa882b141c87961fc7dfe63	미마사카노카미
title|d1f1e96c052f59fba9b5736f37f36efac6451a07baeb7ea89a3b195833ac6c45	비젠노카미
title|5a8f3e5f81af23c705cd10cef931aa06ed10f5ef181358722adb7d7e86074728	빗추노카미
title|73fcc7e25149a60bf7f11176ded11e87e93388b194d89ad65485e7a589f8f99a	빈고노카미
title|69ce9a41a902272c69f21d59e2a4e61db69c04e7a1f8ef840b33559892514a23	아키노카미
title|c7d88b318d352f1100c225a08b59362f83831c910500267355f5febc9825e125	스오노카미
title|f6fa82613c1d56f03ce650c24dcec99947ab81a4a6cbee991e04a3f1ecff2866	기이노카미
title|0c01e4f49e47004f68dde024ac2024d90dbe65db008a88c309a9c073bcde5d3c	아와노카미
title|94e816813326b8e8baec5d024fa7662bff81b7925d7b67afe648b39980f6702e	사누키노카미
title|9c2830109f2585a5feb99bf88fc522f2b88c7632d4c5f887f9e1010871eb3def	이요노카미
title|8d2105344055a671e8d17e8d80ec4353f5fd07693fa1a1c152a07f8166a9884b	지쿠젠노카미
title|779da4680a86d80f0bd91c7ea4fb80388863e89a866d0a5e24e9ad809912401a	지쿠고노카미
title|2b2c3459eb3b5e797676c5cf7a2a66bd63d1f8750a9c02ed8b733ca0c43b6e5a	히젠노카미
title|c3ea11815898c78c9b6503e0791980cd75698ff65b989c87205e2bd564f769ba	부젠노카미
title|931095723b4838722b5070087af2df29f598eac9ecb4bbe91780b4fcbaee51c2	분고노카미
title|7475d85683886b446131ea387499973c95790a6315cc99bacfc4af378e4e0b36	소외기
title|1395996a1068d26dcb8486df1e1db89b97a66f2ecf98d655defe059fcec4bd97	대외기
title|f5290304a9d6059503e6e50371aaacfeb834454d2c2ec4551e0ef9372c1672ad	동방소장
title|a9e3b31cecafa5f28ad3c7c28c1f9bf2d2575e3188df856d27d2b63f542042e5	서방소장
title|e1982cd8af1bb1c8d5ac5ee2a2a1e710e0795ccc9c2d9d24a658066df4a23caf	포술소장
title|ff0f9f927008d2d6b372071ffee40b4c37902dc85c7e365d1ceb0a9e85451918	좌위문좌
title|7b96d494d919b84d4325ab5fe2a11556579830bb59157dfdec8331bb0c344bbb	우위문좌
title|694554cc66cb3b743651cb6a5c8cd9d7bbd8de2df9db5b0cc466554fb42dcf41	중무대승
title|f1036ce0683185b3aa784be38cc4ce88badedeea0948b75c2064c370bb8a1719	치부대승
title|b76b359e590c4e52a11f7fd8d9c4342c97ce6c99f68ea4954fdddc1cffd72320	민부대승
title|2c23f08021f803b03c2d0498ccb34b7d39d7dab5aad0d95757e58ba47495bc7e	병부대승
title|8166b0b0da8c4b9da0ea01a7f6db9d430d6778c64e007ccedfe20171c91cb79d	형부대승
title|985949e83cca16d785269dae4d6ef25724e20f1069ac44a24b36ca924a1bfbfa	대장대승
title|d27a254df49790e523c18c2bb2c6136cd64a402054e8802bc95bfd7dd3e58f17	궁내대승
title|5564955153d20239c55a165843c0a414a6f433a9aeee7be247b9978261ba7b25	대학조
title|1786cec53b7b638f47c80e864c747a911fb415f5655afcbdd1461031289f571e	전약조
title|0cdb580c4e8eef3076441cd6a53132a80eecbb777ef64739e033652afbe1b735	아악조
title|7fd06e71b79442af73ec8fe6e8d30d9b5b8a24d7d6bb7ab7e74868be81ee59bd	농정조
title|012c8983b390f466bfff84fd3e7c4e7c59fb9b7e593bded67e421b9937fd858f	주계조
title|4924b5a89011e783763180382a39df9850cae6a65e86cca01806f441c2cdf483	목공조
title|c73510b7b25ed052cc9370f24d2ec67b0fd4add05d4ae0563dbcfa65717f7827	병고조
title|572a74cfb1c4cca23d2d3d5e5b01ded6d62543f989811fc3e7dd2f41f5d47e6f	조병조
title|4d05146e3802dfc2ddc107f3461ada01c176aa12336b6ca9f4d88d067d197b18	대취조
title|e9a2f0633b645c0e408a649f8b2b17bdacfe7f6bacb0b329cde2ebead1f43939	대사
title|f994e1bdad20e1cfc7cde070de0ab535f0222a9f95768e4adf2fe91fe600239f	소사
title|bfcd69d102a4ca36ea444b5d0e4fda08293aac518b8eb187d1cd1c5f4bbc8525	견외사
title|25fa8d91663f5130e59e4e9261022665bcdd6c8f93c71db478d76534f019b470	탄정윤
title|79e8587181920d3c67acdcb408c217b319d546912f281a683e31e5ee36b82915	탄정대필
title|94fc657c279be0ba0edf3170d64503edad3d5b3fd707d10cae776ee29378564b	탄정충
title|ff1f5f0c2c518e9893e364e02bf2202de9b84925a02de7cc2bad32719fed9301	탄정소필
title|98ca65c99c4e94de16e76426e5027a545546c4455834265c5dc4a186a4e4d621	와카사노카미
title|e4662f2455a9f8c51000aea93a635eb6dad69145d7fe3cf7a88e00ba04567c14	노토노카미
title|41fdbd5f2c5dd0f8ba030b4756c3410e89eef6e7d4333836f567651457ff3a0a	사도노카미
title|049375a60948ab55f7b1340b2dd292d22ab992898a7ca1436a4d90cd8fafafb4	단고노카미
title|b7faa026f2c9bb06e558e8ec60d7a7beb461c8448175eec901b63468026c2f29	이와미노카미
title|0a584dbd97f5d7b55d2638182557d686c9cf23e51bc0e66d8d10bc9ce153bfc7	나가토노카미
title|d724eceb97c16c7d26e21fc3bc07a870fc8f247659c4dc8b8949c2049b6ad60b	도사노카미
title|8cce6cf7b4818f2121c35838c80fe566a2b4e1c0f5366e2d3d273e33fe6b4497	휴가노카미
title|77c56f3b2374f0114820a4d3fbf51b2d624c85dba513fad7dc6f85af3e67a0e5	오스미노카미
title|b10753f39a2cf438b5f6f1056b6c55725019a0d75b4dd6ceb887e8e01185e342	사쓰마노카미
title|200e9c6d7adc7d36ce93edb531091d5997f353ca998b95e98cba39b8cde90204	판관
title|99aaa363211be4a11e06d9dba939b7495b797c9b4576c1a6af6aa0b9c7c80283	중무소승
title|da3138300a78d0452bac62eaccdf811b010d07b3f0ccf7d7bfed451375d940fa	치부소승
title|56cff81abda9f65e29caa2f130cedf48006ba4e8ae919d22510f78370cb58207	민부소승
title|b55a6c7767096d8fa2992e6621f5a28938102a8eb631c222c314964161b19654	병부소승
title|5c9c9af5d63b509044994930e121d7c6368185f9103fe34b4e749d62bda7193a	형부소승
title|055fb8307b94abcfdc4b0711cfe052084dc995a27629b92b5b07de49302dff07	대장소승
title|a20e21b8b0ac7b22c10027000c5a208fcc3faefc9a673ec20272fc9b67f8c310	궁내소승
title|e96911b7a06f3eba50c0b8662840e38c3f7b5a232c8bfd51f1639c59a5aa3d52	내장조
title|2bed6a8f30786bdcab0d238bcc894801bcf13309d0a6efc6982a2feed8b1e8e6	외장조
title|db5ffe65f0385ea2d2a5b0ff131fad61b0995a903014b19c535503a0df2398f5	주세조
title|78c78da4767057d0c01ecb410c076a9f03e4fc4e8b7e7bb1e6a62aa6dc7e3d32	시정조
title|582f20e778544b080111df17a07ee1d8ac893f85bb9e7e27852b828fa3d9a8ad	민부조
title|17705a4563902ce2da8c7063e6149c7abec18aedb7cd5dcb68d2e0e1ee4826b4	포술충
title|fc87800980d53f2b93f8f3a8771b6f82ab3293e60554aa89e8567b6eee416272	검비위사
title|8e75c815a7d13b8e8225cd2c9dcf093d3cbc1908c0dc5178fe13340ddfac1cbd	북면무사
title|f5786d69c24b0209c7ac23980bb3303bf5959a35ace06cae86869abc88dd2f95	남면무사
title|8339fb74f164b96c4e600b7c95a549f8e82768d0a36c23aade32c30ce2d875b6	서면무사
title|f67f616f5f0b1714d310424ec2eafcbc4ba623c6d023809e21e8d15743791891	동면무사
title|0d4b6e671888f9cde2933fdbf7cc4832002ac46cae5a64de7c2b453146d0e1dc	병위
title|fabad918d4b9b72ab36f448131a3b4bdbfb9beb596112fae79a6ae4e49bcad2d	경직진
title|95090ca82c9c2894a47f67000f61081a25462e1f308a96eaabf5e273f917aca9	마료관
title|a3f1c40c59965a3f00b4e74df0fc20bd8ef97c55201138515f1ddf9d939ffafd	사인
title|6b18258c924d1c336f7b4de98839c2142ee8e89c79be515450463f7cb2e85d75	이즈미노카미
title|44a9c338d72eda14c64f5d3b29970448a08777a87842d45b744ac0acb2cd177e	이가노카미
title|07547ba0baee070d7f5e17e13bc927c72fbd0d9d5cdbcc385f4fa5849fcff8c0	시마노카미
title|24b729e1b425f28066bd6e6d7e21f55bd4462252d5dc21984be6049c4ed0645b	이즈노카미
title|ba1049c03ba188b6fc2f05dbcab3c1734fdf58e9be92c6b0d730107433419c5e	히다노카미
title|558da2be38b562b386620c661ec03dd0133b041c79859936df4a930677af0e63	오키노카미
title|424bf64998ea9e44313e95c124c1afb1d6cac5b9eb4ee8145c23761a3b78e362	아와지노카미
title|52b45cc6f60032859ce3e607a07347c3ca9d1bd205a028a71d4fc975487d6a88	이키노카미
title|65ef4490d641c2a9720c9b6da97b2d7a0cff8f69b3dbbfa88cd0780ebf0238c2	쓰시마노카미
title|e5094a9347c6055f0cbe99012cad86fbe85be82d96f473ec51904674150f6f01	장인두
title|ebd095b6c8a76aad56a6a2f249243052fc5d33e2795471b7f49024a0362f4772	장인
title|b2e19dc84a22fc7ba07ab6a2af791802666dc45fecf9a3c3095ea446e80d24de	내장인
rank|c5b1cfc906aab45932aa4285d59cd8a03d8c00f77bd9fd6d8f6a328d57193803	정이대장군
rank|3035ff89baeeecc36e0a805220298625cbbb8fcc3adb33f8212febd2b6745ebb	관령
rank|7d8cfbb2552a350370def28bacd38d31c0b855fbdcf425a17befa0a250792a48	간토 관령
rank|7dbd82f1c34c612dcd64121af70a496e1f4a2848e88f81012c97d59c8575889e	정소 집사
rank|83ffce9e1772c2c587c08165c403f7b3fe38c0bd5f32ee2376a84af4ba45b1c1	시소 소사
rank|96d1e0d380a94fbaa8a40682441c6bff3958789ccba87e5c870647a465b8c4e9	교토 소사대
rank|781a9bb72a0cc33ae4adcbac472f10f8a1fc95e9182a780bdab4a5581967ba15	금리 봉행
rank|572456522803dc78fd3a214ddf19e48018369c0dc884c22e0db5244778cc211e	정소 봉행
rank|79022d2dfa0b27e8495baf96c21c75d5811965baefd6442c56182a68542771ce	규슈 탄다이
rank|012bbe0d535d0324e2375eeefc1541d75acdded72034bf8feea4fd932299b5b7	사이고쿠 탄다이
rank|2d04b80298f722c4051015d6034c0636492b0b4b9845a75877aad3eaf8fb442f	오슈 탄다이
rank|7ade877280ed74d21a7390d2d9f5d987fecf22eea4a0aa34b6e6109c76b59474	우슈 탄다이
rank|f6d20747103d14fbeabb0562209f472b49902d2754ba537ff68c80ca66419776	야마토 슈고
rank|dc39a2b190eb405d2f5fa0c2bed8aa92336d45c9cc89d56e7fde8dddb44920de	가와치 슈고
rank|19da127a929d3d6ae41c263b0b01bdf2db5bc4bc0e8ce03531595d29d7bc3f7b	이세 슈고
rank|c5239fc4ab8ac84237a577f8352845215759cca280c6fe101129fe6aaacfb25a	무사시 슈고
rank|b83b920d4b6a87415d8065f89a816b310f92bd84685a48007c73f510700c0a06	가즈사 슈고
rank|1864a0b617ea59c53531532a953ea40d5f1cf5e82f37b4e37686b5472c60a23d	시모사 슈고
rank|8aaa4a38b066bcabeb25b690fed0c17d7300f94bd3b8bf25273690bb5364e4c8	히타치 슈고
rank|35c533b496b7753299ceb4513d2d2f767c777d26f741019f613de9976adcc25e	오미 슈고
rank|f2b807a76a66f9ff024c47d75c2d29381f8852e30ce7365c6d0b8e2c9784efb9	고즈케 슈고
rank|9baeb7389a07f8ddfaad50fc9fe323f2a9e449e85f2eeefcaa3957cbb017a497	에치젠 슈고
rank|3d35b39f6f89753f1b3e67ce242950178618b7070dc823517db0685039900a76	하리마 슈고
rank|968fd84993263e67f2e97b49685e17d00581d9183dc81179c87f4764a96581aa	히고 슈고
rank|0dc52e239660957e91c0515a8145e18ba7636d8406cfa9c062dc507d1f30a30f	야마시로 슈고
rank|ac40bf0b5bfea30c3262dfbe6050fb65c594542bf7144081bd419d1cae56db3d	셋쓰 슈고
rank|d95427d0dced3e4613c1045d6fd97fb06e305b511c327b957eb0a47f1e78db68	오와리 슈고
rank|0dbcd4e4a2e1eaac45c50ae3cb6f68b5bb6eb491bfb39209b8048e5985a59e6b	미카와 슈고
rank|28cfd8b7a2ad571b251ecf7a9e2a583265464520b007a44895850df8615e619e	스루가 슈고
rank|f0190529bf72a9e39c11bbf387c0f7d049613ae5b632039af46453ceac194473	가이 슈고
rank|f60a6b7c082bfc3e7308ef0188fba8023fee2cc6bcc1b74bb831116af0a28ba8	사가미 슈고
rank|7b0ed6f483daa691fa6c236c1ae1de984e325f7e724472c4ab2138a1afe7e134	미노 슈고
rank|25246741904d787c0058c828ea0e8fd2b10b244bdf36e874d8f48ccb585f014a	시나노 슈고
rank|263ecfed61a290ec0100d361ca3ea5c25c9f30b9bbb56b5d2251ab80f0b9bc03	시모쓰케 슈고
rank|72126296a924cb5b05e6ac0b4a497bd5cb16b867318e02d323f0afa6f53492ee	가가 슈고
rank|662f0e3b7741a56e179a5fde6f40e21548f989d7f58f8865230d73868880b1b1	엣추 슈고
rank|207f193b8b41948d77ca726d140760a54c9db5bfdae80f613ddb1d0793b70a12	에치고 슈고
rank|1603edf9536902650079b1c75156439775b4111c062b3c591b47990fcfa264c2	단바 슈고
rank|724088e01908552af33d873e01bbfba874c6a73821cb5666c550a241debee4f6	다지마 슈고
rank|ae6d8c388d232d9252a684972342dc895c2fd5da7c5f63710bec1e9efe6133c5	이즈모 슈고
rank|b88e303c6103d44f2b75a620ce878b815648422e0934799f37858b0fbf2e6d25	비젠 슈고
rank|b2c436ae519bb4ca7bc0fd64c8f3dbb156f673aaca5fc599d5d15cbaa2540af7	아키 슈고
rank|492e981a28d9bb218068f885f5fa2a4d84ee7b34aa84d8f1ed559a770b5ebb25	스오 슈고
rank|72d9bf22bbe1184148f4b8a1f7fc26cfe14718cd86820165a3d41a972fe6f81a	기이 슈고
rank|27dc978e5521f4110c0c7b6b6e04015099124b6b2d07e03b08b3a9a07de243b1	아와 슈고
rank|af137930905c4874500d570b0b2f85b81e3a217c700b70f3c7fd410a20d575d4	이요 슈고
rank|5f8af23db08a4d241cc417d8e5387fad823ad98e4181ee4a54af3d5155b89c62	지쿠젠 슈고
rank|724d18156ab922dfd96cea049aeab33970827047e3326b1703ff78df3ff7fcb9	히젠 슈고
rank|7223b6e86fdcb67c2d50f6f95c6bb8612c57b5e2536d58eaa0f2e6dc0d10f18e	부젠 슈고
rank|59a02555a55c43f9e03ee01dd8c0c380c35e3792e28b7b46467a2fa21c63788e	분고 슈고
rank|8340b33ff4877eb7408eacf988f93852893ff12f2cca85ecbff6a600957dc651	노토 슈고
rank|382133b78befaf4477ac00e8c7b121aa2f3304f3ecd5a2a3dd437776997d5f15	단고 슈고
rank|419bf50b4d01ff21641fba668ee4238f3a78b103fb5edfea41daf21a12ab389c	도사 슈고
rank|ed7a7dc9786607312f8647749582b9896831861c8fbb9a286de777de6a68acac	휴가 슈고
rank|934c1797ccded6bd29788fffc432a87f0e389fd7f9b9309c9807e165a9a0c1f6	오스미 슈고
rank|58a1bdc600c386faedef272c8ffea4a438d28d4189364424b0f85770052afad7	사쓰마 슈고
rank|d468574f2f46f3ecea3d6f052b9510d17f0706d4cf19b29b4bebb65749e8f5e3	히다 슈고
