920:2053	 버튼을 누르면 맵 선택 화면을 닫습니다.\n\n{C7}징병\n징병을 위임하면, 여러 조건을 충족하고 민심이 70 아래로 떨어지지 않는 한 영지에서 계속 징병합니다. 담당 무장은 자동으로 선택됩니다.\n\n{C7}군마/철포\n군마·철포 조달을 위임하면, 금이 충분한 한 영지에서 계속 조달합니다. 담당 무장은 자동으로 선택됩니다.
53B170	기다려 주세요
5438A0	데이터 전송 불가.
54B550	사카노우에 다무라
5575D0	부대가 혼란 상태.
541B98	정치
541CC8	내구
541D58	지략
541E88	통솔
542148	무용
558390	내구
558548	통솔
558550	무용
558558	지략
558560	정치
558C50	지략
558C58	통솔
558C60	무용
558DB0	내구
55B300	통솔
55B308	무용
55B310	지략
54B8B8	{A2}시점\n이동
54B8C8	{A2}결정
54B8D8	{A1}결정
54B8E8	{A1}실행
54B8F0	{A1}계획
54B900	{A1}삽입
54B908	{A4}자동
54B910	{A4}경유지
54B920	{A4}방침
54B930	{A4}시설\n선택
54B950	{AA}기술\n상세
54B970	{AA}전법\n상세
54B980	{AA}상세\n닫기
54B990	{A8}{B1}거점\n전환
54B9A0	{A7}{A8}군단\n전환
54B9C0	{A7}{A8}목표\n전환
54B9D8	{A9}정보
54B9E0	{A9}목록
54B9E8	{A9}지도
54B9F0	{A9}가보
54B9F8	{AA}전법
54BA00	{AA}정렬
54BA08	{A6}도움말
54BA10	{A6}종료
54BA18	{A1}처음
54BA20	{A2}관련
54BA40	{A4}무장\n참조
54BA58	{A4}지우기
54BA68	{A2}시작
54BA70	{A4}초기화
54BA78	{A7}{A8}비우기
54BA80	{AF}이동
54BA90	{A3}취소
560CD8	{A4}화면 조정
562200	실존 무장
562300	전체 무장
562320	편집된 무장이 없습니다.
562350	실존 무장
543758	영문/기호
543790	성: 한글 5자 / 영문 11자
5437B0	이름: 한글 5자 / 영문 11자
543760	한글 각 5자 / 영문 각 11자
920:1997	자음과 모음을 골라 한글을 조합합니다.\n겹모음·겹받침을 조합하고 한 단계씩 지웁니다.\n\n{CA}최대 글자 수\n성/이름: 한글 각 5자, 영문 각 11자.
