116		각성의 시대
117		청월의 언덕
118		비할 데 없는 골짜기
119		소용돌이치는 전운
120		아침이 오면
121		초승달의 요새
122		혼돈의 축-단조
123		혼돈의 축-장조
124		대지의 부름-단조
125		대지의 부름-장조
126		텅 빈 하늘 너머-단조
127		텅 빈 하늘 너머-장조
128		봄을 기다리며-단조
129		봄을 기다리며-장조
130		말들의 평원-단조
131		말들의 평원-장조
132		무모한 야망-단조
133		무모한 야망-장조
134		길고 혹독한 겨울-단조
135		길고 혹독한 겨울-장조
136		전쟁의 교훈-단조
137		전쟁의 교훈-장조
138		죽음 너머-단조
139		죽음 너머-장조
140		나는 검-단조
141		나는 검-장조
142		내가 설 곳
143		언제나 앞을 보며
144		늑대의 울부짖음
145		고요한 저녁
146		한 줌의 잔해
147		성난 혼
148		평온의 연회
149		끝없는 하늘로
150		고독한 부름
151		무사의 기억
