kind	en	ko	yomi	note
base	Tokuyama	도쿠야마	とくやま	
base	Hakodate	하코다테	はこだて	
base	Sannohe	산노헤	さんのへ	
base	Kuji	구지	くじ	
base	Ishikawa	이시카와	いしかわ	
base	Tosa	도사	とさ	
base	Namioka	나미오카	なみおか	
base	Kōsuiji	고스이지	こうすいじ	
base	Kunohe	구노헤	くのへ	
base	Toyagasaki	도야가사키	とやがさき	
base	Iwadeyama	이와데야마	いわでやま	
base	Shiogama	시오가마	しおがま	
base	Odaka	오다카	おだか	
base	Sōmanakamura	소마나카무라	そうまなか	
base	Taira	다이라	たいら	
base	Kurokawa	구로카와	くろかわ	
base	Nihonmatsu	니혼마쓰	にほんまつ	
base	Hiyama	히야마	ひやま	
base	Tsuchizaki	쓰치자키	つちざき	
base	Ōdate	오다테	おおだて	
base	Yamagata	야마가타	やまがた	
base	Sakata	사카타	さかた	
base	Yonezawa	요네자와	よねざわ	
base	Ōta	오타	おおた	
base	Kashima	가시마	かしま	
base	Koga	고가	こが	
base	Motosakura	모토사쿠라	もとさくら	
base	Kururi	구루리	くるり	
base	Okamoto	오카모토	おかもと	
base	Utsunomiya	우쓰노미야	うつのみや	
base	Karasuyama	가라스야마	からすやま	
base	Karasawayama	가라사와야마	からさわや	
base	Minowa	미노와	みのわ	
base	Numata	누마타	ぬまた	
base	Hirai	히라이	ひらい	
base	Iwatsuki	이와쓰키	いわつき	
base	Kawagoe	가와고에	かわごえ	
base	Hachiōji	하치오지	はちおうじ	
base	Odawara	오다와라	おだわら	
base	Shimoda	시모다	しもだ	
base	Kōkokuji	고코쿠지	こうこくじ	
base	Tsutsujigasaki	쓰쓰지가사키	つつじがさ	
base	Fukashi	후카시	ふかし	
base	Kaizu	가이즈	かいづ	
base	Iida	이이다	いいだ	
base	Shibata	시바타	しばた	
base	Tochio	도치오	とちお	
base	Kasugayama	가스가야마	かすがやま	
base	Kashiwazaki	가시와자키	かしわざき	
base	Toyama	도야마	とやま	
base	Uozu	우오즈	うおづ	
base	Hasunuma	하스누마	はすぬま	
base	Nanao	나나오	ななお	
base	Wajima	와지마	わじま	
base	Oyama	오야마	おやま	
base	Daishōji	다이쇼지	だいしょう	
base	Ichijōdani	이치조다니	いちじょう	
base	Tsuruga	쓰루가	つるが	
base	Sunpu	슨푸	すんぷ	
base	Takatenjin	다카텐진	たかてんじ	
base	Okazaki	오카자키	おかざき	
base	Hamamatsu	하마마쓰	はままつ	
base	Kiyosu	기요스	きよす	
base	Komakiyama	고마키야마	こまきやま	
base	Inabayama	이나바야마	いなばやま	
base	Iwamura	이와무라	いわむら	
base	Ōgaki	오가키	おおがき	
base	Sakurabora	사쿠라보라	さくらぼら	
base	Kiriyama	기리야마	きりやま	
base	Toba	도바	とば	
base	Kameyama	가메야마	かめやま	
base	Odani	오다니	おだに	
base	Sakamoto	사카모토	さかもと	
base	Kannonji	간논지	かんのんじ	
base	Muromachi	무로마치	むろまち	
base	Shōryūji	쇼류지	しょうりゅ	
base	Yumiki	유미키	ゆみき	
base	Takebeyama	다케베야마	たけべやま	
base	Yakami	야카미	やかみ	
base	Sonobe	소노베	そのべ	
base	Kishiwada	기시와다	きしわだ	
base	Sakai	사카이	さかい	
base	Ishiyama	이시야마	いしやま	
base	Tsutsui	쓰쓰이	つつい	
base	Igaueno	이가우에노	いがうえの	
base	Saika	사이카	さいか	
base	Kumano	구마노	くまの	
base	Himeji	히메지	ひめじ	
base	Okayama	오카야마	おかやま	
base	Shimotsui	시모쓰이	しもつい	
base	Bicchūtakamatsu	빗추타카마쓰	びっちゅう	
base	Yoshidakōriyama	요시다코리야마	よしだこお	
base	Nojima	노지마	のじま	
base	Satōkanayama	사토카나야마	さとうかな	
base	Yamaguchi	야마구치	やまぐち	
base	Shimonoseki	시모노세키	しものせき	
base	Tottori	돗토리	とっとり	
base	Konosumi	고노스미	このすみ	
base	Yabase	야바세	やばせ	
base	Gassantoda	갓산토다	がっさんと	
base	Mihonoseki	미호노세키	みほのせき	
base	Hamada	하마다	はまだ	
base	Shōzui	쇼즈이	しょうずい	
base	Utazu	우타즈	うたづ	
base	Yuzuki	유즈키	ゆづき	
base	Imabari	이마바리	いまばり	
base	Kawanoe	가와노에	かわのえ	
base	Kurose	구로세	くろせ	
base	Itajima	이타지마	いたじま	
base	Okō	오코	おこう	
base	Muroto	무로토	むろと	
base	Nakamura	나카무라	なかむら	
base	Kiidani	기이다니	きいだに	
base	Moji	모지	もじ	
base	Funai	후나이	ふない	
base	Saiki	사이키	さいき	
base	Tachibanayama	다치바나야마	たちばなや	
base	Hakata	하카타	はかた	
base	Muranaka	무라나카	むらなか	
base	Ōmura	오무라	おおむら	
base	Nagasaki	나가사키	ながさき	
base	Kumamoto	구마모토	くまもと	
base	Uchinomaki	우치노마키	うちのまき	
base	Hitoyoshi	히토요시	ひとよし	
base	Yatsushiro	야쓰시로	やつしろ	
base	Sadowara	사도와라	さどわら	
base	Aburatsu	아부라쓰	あぶらつ	
base	Agata	아가타	あがた	
base	Uchi	우치	うち	
base	Bōnotsu	보노쓰	ぼうのつ	
base	Izumi	이즈미	いずみ	
base	Kimotsuki	기모쓰키	きもつき	
base	Kajiki	가지키	かじき	
fam	Kakizaki	가키자키	かきざき	
giv	Suehiro	스에히로	すえひろ	
giv	Yoshihiro	요시히로	よしひろ	
giv	Morihiro	모리히로	もりひろ	
fam	Kondō	곤도	こんどう	
giv	Yoshitake	요시타케	よしたけ	
fam	Nanjō	난조	なんじょ	
giv	Hirotsugu	히로쓰구	ひろつぐ	
fam	Nanbu	난부	なんぶ	
giv	Harumasa	하루마사	はるまさ	
fam	Ishikawa	이시카와	いしかわ	
giv	Takanobu	다카노부	たかのぶ	
giv	Nobunao	노부나오	のぶなお	
giv	Toshinao	도시나오	としなお	
fam	Izumiyama	이즈미야마	いずみや	
giv	Furuyasu	후루야스	ふるやす	
giv	Masayoshi	마사요시	まさよし	
fam	Kita	기타	きた	
giv	Nobuchika	노부치카	のぶちか	
fam	Hachinohe	하치노헤	はちのへ	
fam	Kunohe	구노헤	くのへ	
giv	Nobunaka	노부나카	のぶなか	
giv	Masazane	마사자네	まさざね	
giv	Sanechika	사네치카	さねちか	
giv	Yasuzane	야스자네	やすざね	
fam	Ōura	오우라	おおうら	
giv	Tamenori	다메노리	ためのり	
fam	Kuji	구지	くじ	
giv	Tamenobu	다메노부	ためのぶ	
giv	Nobuhira	노부히라	のぶひら	
fam	Numata	누마타	ぬまた	
giv	Sukemitsu	스케미쓰	すけみつ	
fam	Ogasawara	오가사와라	おがさわ	
giv	Nobukiyo	노부키요	のぶきよ	
fam	Kanehira	가네히라	かねひら	
giv	Tsunanori	쓰나노리	つなのり	
fam	Morioka	모리오카	もりおか	
giv	Nobumoto	노부모토	のぶもと	
fam	Namioka	나미오카	なみおか	
giv	Akimura	아키무라	あきむら	
fam	Shiba	시바	しば	
giv	Tsuneaki	쓰네아키	つねあき	
giv	Akizane	아키자네	あきざね	
giv	Akinao	아키나오	あきなお	
fam	Isari	이사리	いさり	
giv	Akiyoshi	아키요시	あきよし	
fam	Iwashimizu	이와시미즈	いわしみ	
giv	Yoshinaga	요시나가	よしなが	
giv	Yoshinori	요시노리	よしのり	
fam	Yanada	야나다	やなだ	
giv	Akiyasu	아키야스	あきやす	
fam	Kasai	가사이	かさい	
giv	Harutane	하루타네	はるたね	
giv	Chikanobu	지카노부	ちかのぶ	
giv	Harunobu	하루노부	はるのぶ	
giv	Toshinobu	도시노부	としのぶ	
fam	Kashiyama	가시야마	かしやま	
giv	Akisuke	아키스케	あきすけ	
giv	Akinaga	아키나가	あきなが	
giv	Akihisa	아키히사	あきひさ	
fam	Maiya	마이야	まいや	
giv	Tsunehide	쓰네히데	つねひで	
fam	Muyari	무야리	むやり	
giv	Shigenobu	시게노부	しげのぶ	
fam	Yahagi	야하기	やはぎ	
giv	Shigetsune	시게쓰네	しげつね	
fam	Ōsaki	오사키	おおさき	
giv	Yoshinao	요시나오	よしなお	
giv	Yoshitaka	요시타카	よしたか	
fam	Ichikuri	이치쿠리	いちくり	
giv	Hōgyū	호규	ほうぎゅ	
giv	Takaharu	다카하루	たかはる	
fam	Ichihasama	이치하사마	いちはさ	
giv	Takazane	다카자네	たかざね	
fam	Ujiie	우지이에	うじいえ	
giv	Yoshitsugu	요시쓰구	よしつぐ	
fam	Kurokawa	구로카와	くろかわ	
giv	Haruuji	하루우지	はるうじ	
fam	Shikama	시카마	しかま	
giv	Takahide	다카히데	たかひで	
fam	Niida	니이다	にいだ	
giv	Takakage	다카카게	たかかげ	
fam	Miyazaki	미야자키	みやざき	
giv	Takachika	다카치카	たかちか	
fam	Rusu	루스	るす	
giv	Akimune	아키무네	あきむね	
fam	Date	다테	だて	
giv	Masakage	마사카게	まさかげ	
fam	Kokubun	고쿠분	こくぶん	
giv	Moriuji	모리우지	もりうじ	
giv	Moriaki	모리아키	もりあき	
giv	Morishige	모리시게	もりしげ	
fam	Sōma	소마	そうま	
giv	Moritane	모리타네	もりたね	
giv	Yoshitane	요시타네	よしたね	
fam	Izumida	이즈미다	いずみだ	
giv	Tanekiyo	다네키요	たねきよ	
fam	Enei	에네이	えねい	
giv	Taneharu	다네하루	たねはる	
fam	Satō	사토	さとう	
giv	Yoshinobu	요시노부	よしのぶ	
fam	Mizutani	미즈타니	みずたに	
giv	Taneshige	다네시게	たねしげ	
fam	Iwaki	이와키	いわき	
giv	Shigetaka	시게타카	しげたか	
fam	Satake	사타케	さたけ	
giv	Sadataka	사다타카	さだたか	
fam	Funao	후나오	ふなお	
fam	Tamura	다무라	たむら	
giv	Takaaki	다카아키	たかあき	
fam	Komine	고미네	こみね	
giv	Yoshichika	요시치카	よしちか	
fam	Katōda	가토다	かとうだ	
giv	Kiyoshige	기요시게	きよしげ	
fam	Ashina	아시나	あしな	
giv	Morioki	모리오키	もりおき	
fam	Nikaidō	니카이도	にかいど	
giv	Moriyoshi	모리요시	もりよし	
giv	Moritaka	모리타카	もりたか	
fam	Haryū	하류	はりゅう	
giv	Morinobu	모리노부	もりのぶ	
fam	Inawashiro	이나와시로	いなわし	
giv	Morikuni	모리쿠니	もりくに	
fam	Kanagami	가나가미	かながみ	
giv	Moriharu	모리하루	もりはる	
fam	Matsumoto	마쓰모토	まつもと	
giv	Ujisuke	우지스케	うじすけ	
fam	Tomita	도미타	とみた	
giv	Ujizane	우지자네	うじざね	
fam	Sase	사세	させ	
giv	Tanetsune	다네쓰네	たねつね	
fam	Hirata	히라타	ひらた	
giv	Kiyonori	기요노리	きよのり	
giv	Norishige	노리시게	のりしげ	
fam	Ōuchi	오우치	おおうち	
giv	Sadatsuna	사다쓰나	さだつな	
fam	Antō	안토	あんとう	
giv	Chikasue	지카스에	ちかすえ	
giv	Sanesue	사네스에	さねすえ	
giv	Shigesue	시게스에	しげすえ	
giv	Michisue	미치스에	みちすえ	
fam	Toshima	도시마	としま	
giv	Shigemura	시게무라	しげむら	
giv	Masanao	마사나오	まさなお	
fam	Asari	아사리	あさり	
giv	Norisuke	노리스케	のりすけ	
giv	Katsuyori	가쓰요리	かつより	
giv	Yorihira	요리히라	よりひら	
fam	Tozawa	도자와	とざわ	
giv	Michimori	미치모리	みちもり	
giv	Moriyasu	모리야스	もりやす	
giv	Masamori	마사모리	まさもり	
giv	Masashige	마사시게	まさしげ	
fam	Hondō	혼도	ほんどう	
giv	Tadachika	다다치카	ただちか	
fam	Tomaki	도마키	とまき	
fam	Onodera	오노데라	おのでら	
giv	Terumichi	데루미치	てるみち	
fam	Sakenobe	사케노베	さけのべ	
giv	Hidetsuna	히데쓰나	ひでつな	
fam	Daihōji	다이호지	だいほう	
giv	Yoshiuji	요시우지	よしうじ	
fam	Mogami	모가미	もがみ	
giv	Yoshimori	요시모리	よしもり	
giv	Yoshiaki	요시아키	よしあき	
giv	Iechika	이에치카	いえちか	
giv	Yoshitoki	요시토키	よしとき	
giv	Sadanao	사다나오	さだなお	
giv	Morimune	모리무네	もりむね	
fam	Narisawa	나리사와	なりさわ	
giv	Mitsuuji	미쓰우지	みつうじ	
fam	Kitadate	기타다테	きただて	
giv	Toshinaga	도시나가	としなが	
fam	Shimura	시무라	しむら	
giv	Mitsuyasu	미쓰야스	みつやす	
fam	Tateoka	다테오카	たておか	
giv	Mitsushige	미쓰시게	みつしげ	
fam	Niizeki	니이제키	にいぜき	
giv	Hisamasa	히사마사	ひさまさ	
fam	Nobesawa	노베사와	のべさわ	
giv	Mitsunobu	미쓰노부	みつのぶ	
giv	Tanemune	다네무네	たねむね	
giv	Harumune	하루무네	はるむね	
giv	Terumune	데루무네	てるむね	
giv	Masamune	마사무네	まさむね	
giv	Sanemoto	사네모토	さねもと	
giv	Shigezane	시게자네	しげざね	
fam	Endō	엔도	えんどう	
giv	Motonobu	모토노부	もとのぶ	
fam	Oniniwa	오니니와	おににわ	
giv	Tsunamoto	쓰나모토	つなもと	
fam	Katakura	가타쿠라	かたくら	
giv	Kagetsuna	가게쓰나	かげつな	
giv	Shigenaga	시게나가	しげなが	
fam	Kawamura	가와무라	かわむら	
giv	Shigeyoshi	시게요시	しげよし	
fam	Koyanagawa	고야나가와	こやなが	
giv	Munetomo	무네토모	むねとも	
giv	Munehide	무네히데	むねひで	
fam	Kōri	고리	こおり	
giv	Sadanaga	사다나가	さだなが	
fam	Gotō	고토	ごとう	
giv	Nobuyasu	노부야스	のぶやす	
fam	Shiroishi	시로이시	しろいし	
giv	Munezane	무네자네	むねざね	
fam	Suzuki	스즈키	すずき	
fam	Nakano	나카노	なかの	
giv	Munetoki	무네토키	むねとき	
fam	Makino	마키노	まきの	
giv	Hisanaka	히사나카	ひさなか	
fam	Hasekura	하세쿠라	はせくら	
giv	Tsunenaga	쓰네나가	つねなが	
fam	Harada	하라다	はらだ	
fam	Yashiro	야시로	やしろ	
giv	Kageyori	가게요리	かげより	
giv	Yoshishige	요시시게	よししげ	
giv	Yoshikata	요시카타	よしかた	
giv	Yoshihisa	요시히사	よしひさ	
giv	Yoshikado	요시카도	よしかど	
giv	Yoshitsuna	요시쓰나	よしつな	
fam	Umezu	우메즈	うめづ	
fam	Okamoto	오카모토	おかもと	
giv	Zentetsu	젠테쓰	ぜんてつ	
giv	Kenitsu	겐이쓰	けんいつ	override
fam	Onuki	오누키	おぬき	
giv	Yorihisa	요리히사	よりひさ	
fam	Onozaki	오노자키	おのざき	
giv	Tsugumichi	쓰구미치	つぐみち	
fam	Kuruma	구루마	くるま	
giv	Tsunatada	쓰나타다	つなただ	
fam	Shibue	시부에	しぶえ	
giv	Masamitsu	마사미쓰	まさみつ	
fam	Wada	와다	わだ	
giv	Akitame	아키타메	あきため	
fam	Edo	에도	えど	
giv	Tadamichi	다다미치	ただみち	
fam	Makabe	마카베	まかべ	
giv	Ujimoto	우지모토	うじもと	
fam	Taijō	다이조	たいじょ	
giv	Sadakuni	사다쿠니	さだくに	
giv	Kiyomoto	기요모토	きよもと	
fam	Oda	오다	おだ	
giv	Ujiharu	우지하루	うじはる	
giv	Tomoharu	도모하루	ともはる	
fam	Sugenoya	스게노야	すげのや	
giv	Katsusada	가쓰사다	かつさだ	
giv	Masasada	마사사다	まささだ	
fam	Ashikaga	아시카가	あしかが	
giv	Harusuke	하루스케	はるすけ	
fam	Yūki	유키	ゆうき	
giv	Masakatsu	마사카쓰	まさかつ	
giv	Harutomo	하루토모	はるとも	
fam	Utsunomiya	우쓰노미야	うつのみ	
giv	Tomokatsu	도모카쓰	ともかつ	
fam	Matsudaira	마쓰다이라	まつだい	
giv	Hideyasu	히데야스	ひでやす	
giv	Tadanao	다다나오	ただなお	
fam	Oyama	오야마	おやま	
giv	Takatomo	다카토모	たかとも	
fam	Iwakami	이와카미	いわかみ	
giv	Tomokata	도모카타	ともかた	
fam	Tagaya	다가야	たがや	
giv	Masahiro	마사히로	まさひろ	
fam	Mizunoya	미즈노야	みずのや	
giv	Masamura	마사무라	まさむら	
fam	Chiba	지바	ちば	
giv	Tanetomi	다네토미	たねとみ	
giv	Kunitane	구니타네	くにたね	
giv	Shigetane	시게타네	しげたね	
fam	Hara	하라	はら	
giv	Tanesada	다네사다	たねさだ	
giv	Tanehide	다네히데	たねひで	
fam	Takagi	다카기	たかぎ	
giv	Taneyoshi	다네요시	たねよし	
giv	Tanetoki	다네토키	たねとき	
giv	Tanenori	다네노리	たねのり	
fam	Satomi	사토미	さとみ	
giv	Yoshiyori	요시요리	よしより	
giv	Yoshiyasu	요시야스	よしやす	
giv	Tadayoshi	다다요시	ただよし	
fam	Masaki	마사키	まさき	
giv	Tokishige	도키시게	ときしげ	
giv	Noritoki	노리토키	のりとき	
giv	Tokitada	도키타다	ときただ	
giv	Yoritada	요리타다	よりただ	
giv	Tameharu	다메하루	ためはる	
fam	Toki	도키	とき	
giv	Tameyori	다메요리	ためより	
fam	Sakai	사카이	さかい	
giv	Toshifusa	도시후사	としふさ	
giv	Masatoki	마사토키	まさとき	
fam	Mikogami	미코가미	みこがみ	
giv	Hirotsuna	히로쓰나	ひろつな	
giv	Kunitsuna	구니쓰나	くにつな	
fam	Mibu	미부	みぶ	
giv	Tsunafusa	쓰나후사	つなふさ	
giv	Tsunatake	쓰나타케	つなたけ	
fam	Haga	하가	はが	
giv	Takatsugu	다카쓰구	たかつぐ	
giv	Takasada	다카사다	たかさだ	
giv	Takatake	다카타케	たかたけ	
fam	Imaizumi	이마이즈미	いまいず	
giv	Takamitsu	다카미쓰	たかみつ	
fam	Minagawa	미나가와	みながわ	
giv	Hiroteru	히로테루	ひろてる	
fam	Nasu	나스	なす	
giv	Suketane	스케타네	すけたね	
giv	Sukeharu	스케하루	すけはる	
giv	Sukekage	스케카게	すけかげ	
fam	Ōtawara	오타와라	おおたわ	
giv	Sukekiyo	스케키요	すけきよ	
fam	Ōzeki	오제키	おおぜき	
giv	Takamasu	다카마스	たかます	
fam	Fukuhara	후쿠하라	ふくはら	
giv	Suketaka	스케타카	すけたか	
giv	Sukeyasu	스케야스	すけやす	
giv	Tsunakiyo	쓰나키요	つなきよ	
giv	Harukiyo	하루키요	はるきよ	
fam	Sano	사노	さの	
giv	Munetsuna	무네쓰나	むねつな	
giv	Fusatsuna	후사쓰나	ふさつな	
fam	Yamagami	야마가미	やまがみ	
giv	Teruhisa	데루히사	てるひさ	
fam	Uesugi	우에스기	うえすぎ	
giv	Norimasa	노리마사	のりまさ	
fam	Nagano	나가노	ながの	
giv	Narimasa	나리마사	なりまさ	
giv	Narimori	나리모리	なりもり	
fam	Kamiizumi	가미이즈미	かみいず	
giv	Nobutsuna	노부쓰나	のぶつな	
fam	Obata	오바타	おばた	
giv	Nobusada	노부사다	のぶさだ	
fam	Nagao	나가오	ながお	
giv	Norikage	노리카게	のりかげ	
giv	Masanaga	마사나가	まさなが	
giv	Kageyoshi	가게요시	かげよし	
giv	Shigenori	시게노리	しげのり	
fam	Yokoze	요코제	よこぜ	
giv	Narishige	나리시게	なりしげ	
fam	Ueda	우에다	うえだ	
giv	Tomonao	도모나오	ともなお	
giv	Norisada	노리사다	のりさだ	
fam	Fujita	후지타	ふじた	
giv	Nobuyoshi	노부요시	のぶよし	
fam	Ōta	오타	おおた	
giv	Yasusuke	야스스케	やすすけ	
giv	Shigemasa	시게마사	しげまさ	
giv	Sukemasa	스케마사	すけまさ	
fam	Hōjō	호조	ほうじょ	
giv	Ujifusa	우지후사	うじふさ	
fam	Miyagi	미야기	みやぎ	
giv	Masanari	마사나리	まさなり	
fam	Narita	나리타	なりた	
giv	Nagayasu	나가야스	ながやす	
giv	Ujinaga	우지나가	うじなが	
giv	Osatada	오사타다	おさただ	
giv	Yasusue	야스스에	やすすえ	
giv	Ujiyasu	우지야스	うじやす	
giv	Ujimasa	우지마사	うじまさ	
giv	Ujinao	우지나오	うじなお	
giv	Ujiteru	우지테루	うじてる	
giv	Ujikuni	우지쿠니	うじくに	
giv	Ujinori	우지노리	うじのり	
giv	Genan	겐안	げんあん	override
giv	Tsunashige	쓰나시게	つなしげ	
giv	Ujishige	우지시게	うじしげ	
giv	Ujikatsu	우지카쓰	うじかつ	
fam	Matsuda	마쓰다	まつだ	
giv	Norihide	노리히데	のりひで	
fam	Daidōji	다이도지	だいどう	
giv	Morimasa	모리마사	もりまさ	
fam	Tōyama	도야마	とおやま	
giv	Tsunakage	쓰나카게	つなかげ	
giv	Yasutada	야스타다	やすただ	
fam	Shimizu	시미즈	しみず	
giv	Yasuhide	야스히데	やすひで	
fam	Ishimaki	이시마키	いしまき	
giv	Yasumasa	야스마사	やすまさ	
fam	Itabeoka	이타베오카	いたべお	
giv	Kōsetsusai	고세쓰사이	こうせつ	
fam	Inomata	이노마타	いのまた	
giv	Kuninori	구니노리	くにのり	
fam	Andō	안도	あんどう	
giv	Yoshinari	요시나리	よしなり	
fam	Kajiwara	가지와라	かじわら	
giv	Kagemune	가게무네	かげむね	
fam	Fūma	후마	ふうま	
giv	Kotarō	고타로	こたろう	
fam	Imagawa	이마가와	いまがわ	
giv	Yoshimoto	요시모토	よしもと	
fam	Sekiguchi	세키구치	せきぐち	
giv	Ujihiro	우지히로	うじひろ	
fam	Taigen	다이겐	たいげん	
giv	Sessai	셋사이	せっさい	
fam	Asahina	아사히나	あさひな	
giv	Nobuoki	노부오키	のぶおき	
giv	Yasuyoshi	야스요시	やすよし	
giv	Yasutomo	야스토모	やすとも	
fam	Abe	아베	あべ	
giv	Motozane	모토자네	もとざね	
fam	Amano	아마노	あまの	
giv	Kagetsura	가게쓰라	かげつら	
fam	Ii	이이	いい	
giv	Naomasa	나오마사	なおまさ	
giv	Naotaka	나오타카	なおたか	
fam	Iio	이이오	いいお	
giv	Tsuratatsu	쓰라타쓰	つらたつ	
fam	Udono	우도노	うどの	
giv	Nagamochi	나가모치	ながもち	
giv	Nagateru	나가테루	ながてる	
fam	Okabe	오카베	おかべ	
giv	Masatsuna	마사쓰나	まさつな	
giv	Nagamori	나가모리	ながもり	
fam	Okudaira	오쿠다이라	おくだい	
giv	Sadayoshi	사다요시	さだよし	
giv	Nobumasa	노부마사	のぶまさ	
fam	Katsurayama	가쓰라야마	かつらや	
fam	Kuno	구노	くの	
giv	Muneyoshi	무네요시	むねよし	
fam	Suganuma	스가누마	すがぬま	
giv	Sadamitsu	사다미쓰	さだみつ	
fam	Mishuku	미슈쿠	みしゅく	
giv	Masatomo	마사토모	まさとも	
giv	Hidetada	히데타다	ひでただ	
giv	Tadateru	다다테루	ただてる	
giv	Tadatsugu	다다쓰구	ただつぐ	
giv	Ietsugu	이에쓰구	いえつぐ	
giv	Tadayo	다다요	ただよ	
giv	Tadakatsu	다다카쓰	ただかつ	
fam	Honda	혼다	ほんだ	
giv	Tadamasa	다다마사	ただまさ	
giv	Tadatomo	다다토모	ただとも	
giv	Shigetsugu	시게쓰구	しげつぐ	
giv	Masanobu	마사노부	まさのぶ	
giv	Masazumi	마사즈미	まさずみ	
fam	Sakakibara	사카키바라	さかきば	
giv	Kazumasa	가즈마사	かずまさ	
giv	Yasunaga	야스나가	やすなが	
giv	Ienari	이에나리	いえなり	
fam	Ōkubo	오쿠보	おおくぼ	
giv	Tadasuke	다다스케	ただすけ	
fam	Torii	도리이	とりい	
giv	Mototada	모토타다	もとただ	
fam	Hattori	핫토리	はっとり	
fam	Hiraiwa	히라이와	ひらいわ	
giv	Chikayoshi	지카요시	ちかよし	
fam	Watanabe	와타나베	わたなべ	
giv	Moritsuna	모리쓰나	もりつな	
fam	Aoyama	아오야마	あおやま	
giv	Tadanari	다다나리	ただなり	
fam	Itakura	이타쿠라	いたくら	
giv	Katsushige	가쓰시게	かつしげ	
fam	Ina	이나	いな	
fam	Doi	도이	どい	
giv	Toshikatsu	도시카쓰	としかつ	
fam	Naitō	나이토	ないとう	
giv	Kiyonari	기요나리	きよなり	
giv	Yasunari	야스나리	やすなり	
fam	Yamaguchi	야마구치	やまぐち	
giv	Yoshikane	요시카네	よしかね	
giv	Nagahide	나가히데	ながひで	
giv	Yoshifuyu	요시후유	よしふゆ	
fam	Komaki	고마키	こまき	
giv	Genta	겐타	げんた	
fam	Mōri	모리	もうり	
giv	Shinsuke	신스케	しんすけ	
fam	Nankōbō	난코보	なんこう	
giv	Tenkai	덴카이	てんかい	
giv	Nobunaga	노부나가	のぶなが	
giv	Nobutada	노부타다	のぶただ	
giv	Hidenobu	히데노부	ひでのぶ	
giv	Nobukatsu	노부카쓰	のぶかつ	
giv	Nobutaka	노부타카	のぶたか	
giv	Nobuzumi	노부즈미	のぶずみ	
giv	Nobukane	노부카네	のぶかね	
giv	Nagamasu	나가마스	ながます	
giv	Nobumitsu	노부미쓰	のぶみつ	
fam	Hayashi	하야시	はやし	
giv	Hidesada	히데사다	ひでさだ	
fam	Ikeda	이케다	いけだ	
giv	Tsuneoki	쓰네오키	つねおき	
giv	Terumasa	데루마사	てるまさ	
fam	Kawajiri	가와지리	かわじり	
giv	Hidetaka	히데타카	ひでたか	
giv	Hidenaga	히데나가	ひでなが	
fam	Sakuma	사쿠마	さくま	
giv	Nobumori	노부모리	のぶもり	
fam	Sassa	삿사	さっさ	
fam	Shibata	시바타	しばた	
giv	Katsuie	가쓰이에	かついえ	
giv	Katsutoyo	가쓰토요	かつとよ	
fam	Takigawa	다키가와	たきがわ	
giv	Kazumasu	가즈마스	かずます	
giv	Masushige	마스시게	ますしげ	
fam	Maeda	마에다	まえだ	
giv	Toshimasu	도시마스	とします	
fam	Niwa	니와	にわ	
giv	Nagashige	나가시게	ながしげ	
fam	Kinoshita	기노시타	きのした	
giv	Hideyoshi	히데요시	ひでよし	
giv	Hideyori	히데요리	ひでより	
fam	Miyoshi	미요시	みよし	
giv	Hidetsugu	히데쓰구	ひでつぐ	
giv	Hideaki	히데아키	ひであき	
fam	Ban	반	ばん	
giv	Toshiie	도시이에	としいえ	
fam	Kanamori	가나모리	かなもり	
giv	Nagachika	나가치카	ながちか	
fam	Hachisuka	하치스카	はちすか	
giv	Iemasa	이에마사	いえまさ	
fam	Hachiya	하치야	はちや	
giv	Yoritaka	요리타카	よりたか	
fam	Furuta	후루타	ふるた	
giv	Shigenari	시게나리	しげなり	
fam	Mori	모리	もり	
giv	Nagayoshi	나가요시	ながよし	
giv	Ranmaru	란마루	らんまる	
fam	Hirano	히라노	ひらの	
fam	Ikoma	이코마	いこま	
giv	Chikamasa	지카마사	ちかまさ	
giv	Katsumasa	가쓰마사	かつまさ	
fam	Maeno	마에노	まえの	
fam	Hori	호리	ほり	
giv	Hidemasa	히데마사	ひでまさ	
giv	Hideharu	히데하루	ひではる	
fam	Murai	무라이	むらい	
giv	Sadakatsu	사다카쓰	さだかつ	
fam	Asano	아사노	あさの	
giv	Nagamasa	나가마사	ながまさ	
giv	Nagaakira	나가아키라	ながあき	
fam	Onogi	오노기	おのぎ	
fam	Katō	가토	かとう	
giv	Kiyomasa	기요마사	きよまさ	
giv	Yoshiakira	요시아키라	よしあき	
fam	Sengoku	센고쿠	せんごく	
giv	Hidehisa	히데히사	ひでひさ	
fam	Terazawa	데라자와	てらざわ	
giv	Hirotaka	히로타카	ひろたか	
fam	Toda	도다	とだ	
fam	Nakamura	나카무라	なかむら	
giv	Kazuuji	가즈우지	かずうじ	
fam	Fukushima	후쿠시마	ふくしま	
giv	Masanori	마사노리	まさのり	
fam	Horio	호리오	ほりお	
giv	Yoshiharu	요시하루	よしはる	
fam	Mashita	마시타	ました	
fam	Mizoguchi	미조구치	みぞぐち	
giv	Hidekatsu	히데카쓰	ひでかつ	
fam	Yamanouchi	야마노우치	やまのう	
giv	Kazutoyo	가즈토요	かずとよ	
fam	Tokunaga	도쿠나가	とくなが	
fam	Tokuyama	도쿠야마	とくやま	
fam	Dodo	도도	どど	
giv	Yasunobu	야스노부	やすのぶ	
giv	Nagayori	나가요리	ながより	
giv	Naoyuki	나오유키	なおゆき	
fam	Hiraoka	히라오카	ひらおか	
giv	Yorikatsu	요리카쓰	よりかつ	
fam	Hiratsuka	히라쓰카	ひらつか	
giv	Tamehiro	다메히로	ためひろ	
fam	Matsuno	마쓰노	まつの	
giv	Shigemoto	시게모토	しげもと	
fam	Menju	멘주	めんじゅ	
giv	Katsuteru	가쓰테루	かつてる	
giv	Katsunaga	가쓰나가	かつなが	
fam	Saitō	사이토	さいとう	
giv	Dōsan	도산	どうさん	
giv	Yoshitatsu	요시타쓰	よしたつ	
giv	Tatsuoki	다쓰오키	たつおき	
giv	Toshimitsu	도시미쓰	としみつ	
fam	Akechi	아케치	あけち	
giv	Mitsuhide	미쓰히데	みつひで	
giv	Hidemitsu	히데미쓰	ひでみつ	
giv	Morinari	모리나리	もりなり	
fam	Inaba	이나바	いなば	
giv	Yoshimichi	요시미치	よしみち	
giv	Sadamichi	사다미치	さだみち	
giv	Naomoto	나오모토	なおもと	
giv	Yukihiro	유키히로	ゆきひろ	
fam	Kani	가니	かに	
fam	Takenaka	다케나카	たけなか	
giv	Shigeharu	시게하루	しげはる	
giv	Shigekado	시게카도	しげかど	
giv	Kagetō	가게토	かげとう	
fam	Hineno	히네노	ひねの	
giv	Hironari	히로나리	ひろなり	
giv	Geni	겐이	げんい	override
fam	Tsumaki	쓰마키	つまき	
giv	Hirotada	히로타다	ひろただ	
fam	Mizō	미조	みぞお	
giv	Shigetomo	시게토모	しげとも	
fam	Seki	세키	せき	
fam	Kanbe	간베	かんべ	
giv	Tomomori	도모모리	とももり	
giv	Tanefuji	다네후지	たねふじ	
giv	Fujisada	후지사다	ふじさだ	
fam	Kitabatake	기타바타케	きたばた	
giv	Tomofuji	도모후지	ともふじ	
fam	Hosono	호소노	ほその	
giv	Fujiatsu	후지아쓰	ふじあつ	
giv	Mitsuyoshi	미쓰요시	みつよし	
giv	Tomonori	도모노리	とものり	
giv	Tomofusa	도모후사	ともふさ	
giv	Katsutoshi	가쓰토시	かつとし	
fam	Kozukuri	고즈쿠리	こづくり	
giv	Tomomasa	도모마사	ともまさ	
fam	Toyanō	도야노	とやのお	
fam	Fujikata	후지카타	ふじかた	
giv	Tomonari	도모나리	ともなり	
fam	Kuki	구키	くき	
fam	Mukai	무카이	むかい	
fam	Takeda	다케다	たけだ	
giv	Nobutora	노부토라	のぶとら	
giv	Nobushige	노부시게	のぶしげ	
giv	Nobutoyo	노부토요	のぶとよ	
giv	Nobukado	노부카도	のぶかど	
fam	Oyamada	오야마다	おやまだ	
fam	Anayama	아나야마	あなやま	
giv	Nobukimi	노부키미	のぶきみ	
fam	Akiyama	아키야마	あきやま	
giv	Nobutomo	노부토모	のぶとも	
fam	Kōsaka	고사카	こうさか	
fam	Baba	바바	ばば	
giv	Nobufusa	노부후사	のぶふさ	
giv	Masatoyo	마사토요	まさとよ	
fam	Obu	오부	おぶ	
giv	Toramasa	도라마사	とらまさ	
fam	Tsuchiya	쓰치야	つちや	
giv	Masatsune	마사쓰네	まさつね	
fam	Yamamoto	야마모토	やまもと	
giv	Haruyuki	하루유키	はるゆき	
giv	Toramori	도라모리	とらもり	
giv	Kagenori	가게노리	かげのり	
giv	Toratane	도라타네	とらたね	
fam	Tada	다다	ただ	
giv	Mitsuyori	미쓰요리	みつより	
fam	Atobe	아토베	あとべ	
giv	Katsusuke	가쓰스케	かつすけ	
fam	Hajikano	하지카노	はじかの	
giv	Masatsugu	마사쓰구	まさつぐ	
fam	Sanada	사나다	さなだ	
giv	Yukitaka	유키타카	ゆきたか	
giv	Masayuki	마사유키	まさゆき	
giv	Nobuyuki	노부유키	のぶゆき	
giv	Yukimura	유키무라	ゆきむら	
giv	Yukimasa	유키마사	ゆきまさ	
fam	Yazawa	야자와	やざわ	
giv	Yoritsuna	요리쓰나	よりつな	
giv	Yoriyasu	요리야스	よりやす	
fam	Murakami	무라카미	むらかみ	
giv	Yoshikiyo	요시키요	よしきよ	
giv	Kunikiyo	구니키요	くにきよ	
giv	Masakuni	마사쿠니	まさくに	
fam	Suda	스다	すだ	
giv	Mitsuchika	미쓰치카	みつちか	
fam	Takanashi	다카나시	たかなし	
giv	Masayori	마사요리	まさより	
giv	Yorichika	요리치카	よりちか	
fam	Ashida	아시다	あしだ	
fam	Shimazu	시마즈	しまづ	
fam	Futatsugi	후타쓰기	ふたつぎ	
fam	Inukai	이누카이	いぬかい	
giv	Hisatomo	히사토모	ひさとも	
fam	Suwa	스와	すわ	
fam	Hoshina	호시나	ほしな	
giv	Masatoshi	마사토시	まさとし	
fam	Kiso	기소	きそ	
giv	Yoshiari	요시아리	よしあり	
giv	Yoshimasa	요시마사	よしまさ	
fam	Yamamura	야마무라	やまむら	
giv	Yoshikatsu	요시카쓰	よしかつ	
fam	Mitsugi	미쓰기	みつぎ	
giv	Tsuguyori	쓰구요리	つぐより	
giv	Akitsuna	아키쓰나	あきつな	
fam	Uchigashima	우치가시마	うちがし	
fam	Ema	에마	えま	
giv	Tokimori	도키모리	ときもり	
giv	Terumori	데루모리	てるもり	
fam	Shioya	시오야	しおや	
giv	Akisada	아키사다	あきさだ	
giv	Kagetora	가게토라	かげとら	
giv	Akikage	아키카게	あきかげ	
giv	Ujihide	우지히데	うじひで	
giv	Kagenobu	가게노부	かげのぶ	
fam	Irobe	이로베	いろべ	
giv	Nagazane	나가자네	ながざね	
fam	Ōkuma	오쿠마	おおくま	
giv	Tomohide	도모히데	ともひで	
giv	Kageie	가게이에	かげいえ	
fam	Kawada	가와다	かわだ	
fam	Kitajō	기타조	きたじょ	
giv	Takahiro	다카히로	たかひろ	
giv	Kagehiro	가게히로	かげひろ	
giv	Tomonobu	도모노부	とものぶ	
giv	Tsunasada	쓰나사다	つなさだ	
giv	Nagaatsu	나가아쓰	ながあつ	
giv	Shigeie	시게이에	しげいえ	
fam	Naoe	나오에	なおえ	
fam	Higuchi	히구치	ひぐち	
giv	Kanetsugu	가네쓰구	かねつぐ	
fam	Nakajō	나카조	なかじょ	
giv	Fujisuke	후지스케	ふじすけ	
fam	Honjō	혼조	ほんじょ	
giv	Saneyori	사네요리	さねより	
fam	Yasuda	야스다	やすだ	
giv	Kagemoto	가게모토	かげもと	
giv	Akimoto	아키모토	あきもと	
fam	Usami	우사미	うさみ	
fam	Kojima	고지마	こじま	
giv	Sadaoki	사다오키	さだおき	
fam	Amakasu	아마카스	あまかす	
giv	Kagetsugu	가게쓰구	かげつぐ	
fam	Iwai	이와이	いわい	
fam	Kasuga	가스가	かすが	
fam	Shida	시다	しだ	
giv	Yoshihide	요시히데	よしひで	
fam	Suibara	스이바라	すいばら	
giv	Chikanori	지카노리	ちかのり	
fam	Hirabayashi	히라바야시	ひらばや	
fam	Jinbō	진보	じんぼう	
giv	Nagamoto	나가모토	ながもと	
giv	Naganari	나가나리	ながなり	
giv	Motoshige	모토시게	もとしげ	
fam	Terashima	데라시마	てらしま	
giv	Motosada	모토사다	もとさだ	
fam	Mizukoshi	미즈코시	みずこし	
fam	Terasaki	데라사키	てらさき	
giv	Morinaga	모리나가	もりなが	
fam	Hatakeyama	하타케야마	はたけや	
fam	Chō	조	ちょう	
giv	Tsugutsura	쓰구쓰라	つぐつら	
fam	Nukui	누쿠이	ぬくい	
giv	Fusasada	후사사다	ふささだ	
giv	Kagetaka	가게타카	かげたか	
fam	Yusa	유사	ゆさ	
giv	Tsugumitsu	쓰구미쓰	つぐみつ	
giv	Morimitsu	모리미쓰	もりみつ	
giv	Kazumori	가즈모리	かずもり	
fam	Asakura	아사쿠라	あさくら	
giv	Yoshikage	요시카게	よしかげ	
giv	Kageakira	가게아키라	かげあき	
giv	Sōteki	소테키	そうてき	
giv	Kagetake	가게타케	かげたけ	
fam	Uozumi	우오즈미	うおずみ	
giv	Kagekata	가게카타	かげかた	
fam	Kawai	가와이	かわい	
giv	Yoshimune	요시무네	よしむね	
giv	Kagemasa	가게마사	かげまさ	
fam	Maeba	마에바	まえば	
fam	Magara	마가라	まがら	
fam	Yamazaki	야마자키	やまざき	
giv	Naganori	나가노리	ながのり	
fam	Azai	아자이	あざい	
fam	Akao	아카오	あかお	
giv	Kiyotsuna	기요쓰나	きよつな	
fam	Atsuji	아쓰지	あつじ	
giv	Sadayuki	사다유키	さだゆき	
fam	Isono	이소노	いその	
giv	Naotsune	나오쓰네	なおつね	
fam	Kaihō	가이호	かいほう	
giv	Tsunachika	쓰나치카	つなちか	
fam	Katagiri	가타기리	かたぎり	
giv	Katsumoto	가쓰모토	かつもと	
fam	Tōdō	도도	とうどう	
giv	Takatora	다카토라	たかとら	
fam	Miyabe	미야베	みやべ	
giv	Keijun	게이준	けいじゅ	
fam	Ishida	이시다	いしだ	
giv	Mitsunari	미쓰나리	みつなり	
fam	Ōtani	오타니	おおたに	
fam	Ōno	오노	おおの	
giv	Harunaga	하루나가	はるなが	
fam	Kimura	기무라	きむら	
fam	Tanaka	다나카	たなか	
fam	Natsuka	나쓰카	なつか	
giv	Masaie	마사이에	まさいえ	
fam	Wakizaka	와키자카	わきざか	
giv	Yasuharu	야스하루	やすはる	
giv	Satoru	사토루	さとる	
fam	Rokkaku	롯카쿠	ろっかく	
fam	Gamō	가모	がもう	
giv	Sadahide	사다히데	さだひで	
giv	Katahide	가타히데	かたひで	
giv	Ujisato	우지사토	うじさと	
giv	Hideyuki	히데유키	ひでゆき	
giv	Katatoyo	가타토요	かたとよ	
fam	Keya	게야	けや	
giv	Takehisa	다케히사	たけひさ	
fam	Mikumo	미쿠모	みくも	
giv	Shigemochi	시게모치	しげもち	
giv	Kataie	가타이에	かたいえ	
giv	Iemori	이에모리	いえもり	
fam	Yoshida	요시다	よしだ	
fam	Kutsuki	구쓰키	くつき	
giv	Mototsuna	모토쓰나	もとつな	
fam	Yokoyama	요코야마	よこやま	
giv	Kinai	기나이	きない	
fam	Morita	모리타	もりた	
giv	Jōun	조운	じょうう	
giv	Mitsutsugu	미쓰쓰구	みつつぐ	
fam	Ōdate	오다테	おおだて	
giv	Yoshizane	요시자네	よしざね	
fam	Takino	다키노	たきの	
fam	Momochi	모모치	ももち	
giv	Sandayū	산다유	さんだゆ	
giv	Yoshiteru	요시테루	よしてる	
fam	Isshiki	잇시키	いっしき	
giv	Fujinaga	후지나가	ふじなが	
fam	Ninagawa	니나가와	にながわ	
giv	Chikanaga	지카나가	ちかなが	
fam	Kyōgoku	교고쿠	きょうご	
giv	Takayoshi	다카요시	たかよし	
fam	Hosokawa	호소카와	ほそかわ	
giv	Fujitaka	후지타카	ふじたか	
giv	Tadaoki	다다오키	ただおき	
giv	Koremasa	고레마사	これまさ	
fam	Susukida	스스키다	すすきだ	
giv	Kanesuke	가네스케	かねすけ	
fam	Hatano	하타노	はたの	
giv	Harumichi	하루미치	はるみち	
giv	Hidenao	히데나오	ひでなお	
giv	Munetaka	무네타카	むねたか	
fam	Matsunaga	마쓰나가	まつなが	
giv	Tadatoshi	다다토시	ただとし	
fam	Akai	아카이	あかい	
fam	Araki	아라키	あらき	
giv	Ujitsuna	우지쓰나	うじつな	
fam	Momii	모미이	もみい	
giv	Norinari	노리나리	のりなり	
giv	Yoshiyuki	요시유키	よしゆき	
fam	Inatomi	이나토미	いなとみ	
giv	Sukehide	스케히데	すけひで	
giv	Sukenao	스케나오	すけなお	
fam	Honganji	혼간지	ほんがん	
giv	Kennyo	겐뇨	けんにょ	
giv	Kyōnyo	교뇨	きょうに	
fam	Ganshōji	간쇼지	がんしょ	
giv	Shōkei	쇼케이	しょうけ	
fam	Shimotsuma	시모쓰마	しもつま	
giv	Rairyū	라이류	らいりゅ	
giv	Raishō	라이쇼	らいしょ	
giv	Chūkō	주코	ちゅうこ	
giv	Rairen	라이렌	らいれん	
fam	Kubota	구보타	くぼた	
giv	Tsunetada	쓰네타다	つねただ	
fam	Shichiri	시치리	しちり	
giv	Shigeyasu	시게야스	しげやす	
fam	Tokuda	도쿠다	とくだ	
giv	Shigekiyo	시게키요	しげきよ	
giv	Tomosada	도모사다	ともさだ	
giv	Harumoto	하루모토	はるもと	
giv	Yoshioki	요시오키	よしおき	
giv	Nagaharu	나가하루	ながはる	
giv	Masayasu	마사야스	まさやす	
fam	Atagi	아타기	あたぎ	
giv	Fuyuyasu	후유야스	ふゆやす	
fam	Sogō	소고	そごう	
giv	Nagayuki	나가유키	ながゆき	
giv	Murashige	무라시게	むらしげ	
fam	Iwanari	이와나리	いわなり	
giv	Tomomichi	도모미치	ともみち	
fam	Kagawa	가가와	かがわ	
giv	Motokage	모토카게	もとかげ	
fam	Shinohara	시노하라	しのはら	
giv	Nagafusa	나가후사	ながふさ	
fam	Tsuda	쓰다	つだ	
giv	Shigehisa	시게히사	しげひさ	
fam	Nakagawa	나카가와	なかがわ	
giv	Kiyohide	기요히데	きよひで	
giv	Hisahide	히사히데	ひさひで	
giv	Hisamichi	히사미치	ひさみち	
fam	Takayama	다카야마	たかやま	
giv	Tomoteru	도모테루	ともてる	
fam	Yagyū	야규	やぎゅう	
giv	Munenori	무네노리	むねのり	
fam	Yasumi	야스미	やすみ	
giv	Nobunori	노부노리	のぶのり	
fam	Konishi	고니시	こにし	
giv	Yukinaga	유키나가	ゆきなが	
fam	Tsutsui	쓰쓰이	つつい	
giv	Junkei	준케이	じゅんけ	
fam	Jimyōji	지묘지	じみょう	
giv	Junkoku	준코쿠	じゅんこ	
giv	Sadatsugu	사다쓰구	さだつぐ	
fam	Shima	시마	しま	
giv	Kiyooki	기요오키	きよおき	
fam	Matsukura	마쓰쿠라	まつくら	
fam	Ido	이도	いど	
fam	Hashio	하시오	はしお	
giv	Shigeoki	시게오키	しげおき	
giv	Shigekane	시게카네	しげかね	
giv	Shigehide	시게히데	しげひで	
giv	Sadahisa	사다히사	さだひさ	
fam	Oka	오카	おか	
fam	Tsuchibashi	쓰치바시	つちばし	
fam	Yamana	야마나	やまな	
giv	Suketoyo	스케토요	すけとよ	
giv	Toyosada	도요사다	とよさだ	
giv	Toyokuni	도요쿠니	とよくに	
fam	Kakiya	가키야	かきや	
giv	Tsugunari	쓰구나리	つぐなり	
fam	Tainoshō	다이노쇼	たいのし	
giv	Koreyoshi	고레요시	これよし	
giv	Harutsugu	하루쓰구	はるつぐ	
fam	Morishita	모리시타	もりした	
giv	Michiyo	미치요	みちよ	
fam	Yoshioka	요시오카	よしおか	
giv	Munekatsu	무네카쓰	むねかつ	
giv	Mototsugu	모토쓰구	もとつぐ	
fam	Amago	아마고	あまご	
giv	Haruhisa	하루히사	はるひさ	
giv	Katsuhisa	가쓰히사	かつひさ	
fam	Akana	아카나	あかな	
giv	Morikiyo	모리키요	もりきよ	
fam	Uyama	우야마	うやま	
giv	Hisakane	히사카네	ひさかね	
giv	Nagataka	나가타카	ながたか	
fam	Kamei	가메이	かめい	
giv	Korenori	고레노리	これのり	
giv	Kiyomune	기요무네	きよむね	
giv	Motoyoshi	모토요시	もとよし	
fam	Tachihara	다치하라	たちはら	
giv	Hisatsuna	히사쓰나	ひさつな	
giv	Tsunemitsu	쓰네미쓰	つねみつ	
fam	Misawa	미사와	みさわ	
giv	Tamekiyo	다메키요	ためきよ	
fam	Yamanaka	야마나카	やまなか	
giv	Yukimori	유키모리	ゆきもり	
fam	Bessho	벳쇼	べっしょ	
giv	Nariharu	나리하루	なりはる	
fam	Ōgo	오고	おうご	
giv	Sadanori	사다노리	さだのり	
fam	Kasuya	가스야	かすや	
giv	Sanekatsu	사네카쓰	さねかつ	
fam	Akamatsu	아카마쓰	あかまつ	
giv	Yoshisuke	요시스케	よしすけ	
giv	Norifusa	노리후사	のりふさ	
giv	Masahide	마사히데	まさひで	
fam	Kodera	고데라	こでら	
giv	Masamoto	마사모토	まさもと	
fam	Kuroda	구로다	くろだ	
giv	Mototaka	모토타카	もとたか	
fam	Miyamoto	미야모토	みやもと	
giv	Musashi	무사시	むさし	
fam	Takeuchi	다케우치	たけうち	
giv	Hisamori	히사모리	ひさもり	
fam	Uragami	우라가미	うらがみ	
giv	Munekage	무네카게	むねかげ	
fam	Shimamura	시마무라	しまむら	
giv	Morizane	모리자네	もりざね	
fam	Akashi	아카시	あかし	
giv	Kagechika	가게치카	かげちか	
giv	Teruzumi	데루즈미	てるずみ	
fam	Nobuhara	노부하라	のぶはら	
fam	Ukita	우키타	うきた	
giv	Naoie	나오이에	なおいえ	
giv	Hideie	히데이에	ひでいえ	
giv	Tadaie	다다이에	ただいえ	
giv	Akiie	아키이에	あきいえ	
giv	Ietoshi	이에토시	いえとし	
fam	Osafune	오사후네	おさふね	
giv	Sadachika	사다치카	さだちか	
giv	Tsunanao	쓰나나오	つななお	
fam	Togawa	도가와	とがわ	
giv	Michiyasu	미치야스	みちやす	
fam	Hanabusa	하나부사	はなぶさ	
giv	Motohide	모토히데	もとひで	
giv	Muneharu	무네하루	むねはる	
fam	Nakajima	나카지마	なかじま	
giv	Motoyuki	모토유키	もとゆき	
fam	Mimura	미무라	みむら	
giv	Motochika	모토치카	もとちか	
giv	Chikashige	지카시게	ちかしげ	
fam	Sugihara	스기하라	すぎはら	
fam	Nomi	노미	のみ	
giv	Motonari	모토나리	もとなり	
giv	Takamoto	다카모토	たかもと	
giv	Terumoto	데루모토	てるもと	
fam	Kikkawa	깃카와	きっかわ	
giv	Motoharu	모토하루	もとはる	
giv	Motonaga	모토나가	もとなが	
giv	Hiroie	히로이에	ひろいえ	
fam	Kobayakawa	고바야카와	こばやか	
giv	Motokiyo	모토키요	もときよ	
giv	Hidemoto	히데모토	ひでもと	
fam	Kumagai	구마가이	くまがい	
giv	Motonao	모토나오	もとなお	
fam	Shishido	시시도	ししど	
giv	Takaie	다카이에	たかいえ	
fam	Katsura	가쓰라	かつら	
giv	Motozumi	모토즈미	もとずみ	
fam	Shiji	시지	しじ	
giv	Hiroyoshi	히로요시	ひろよし	
fam	Kuchiba	구치바	くちば	
giv	Michiyoshi	미치요시	みちよし	
giv	Sadatoshi	사다토시	さだとし	
fam	Kunishi	구니시	くにし	
giv	Motosuke	모토스케	もとすけ	
fam	Kodama	고다마	こだま	
giv	Naritada	나리타다	なりただ	
giv	Narikata	나리카타	なりかた	
fam	Katada	가타다	かただ	
fam	Saha	사하	さは	
fam	Minakata	미나카타	みなかた	
fam	Ichikawa	이치카와	いちかわ	
giv	Tsuneyoshi	쓰네요시	つねよし	
giv	Tsuneyasu	쓰네야스	つねやす	
giv	Tsuneie	쓰네이에	つねいえ	
fam	Ankokuji	안코쿠지	あんこく	
giv	Ekei	에케이	えけい	
fam	Hiraga	히라가	ひらが	
fam	Aokage	아오카게	あおかげ	
giv	Takaakira	다카아키라	たかあき	
giv	Takashige	다카시게	たかしげ	
fam	Iida	이이다	いいだ	
giv	Okihide	오키히데	おきひで	
fam	Sue	스에	すえ	
giv	Harukata	하루카타	はるかた	
fam	Sugi	스기	すぎ	
fam	Toida	도이다	といだ	
giv	Takamori	다카모리	たかもり	
fam	Niho	니호	にほ	
giv	Takayasu	다카야스	たかやす	
fam	Hironaka	히로나카	ひろなか	
giv	Takakane	다카카네	たかかね	
fam	Yoshimi	요시미	よしみ	
giv	Hiroyori	히로요리	ひろより	
fam	Masuda	마스다	ますだ	
giv	Fujikane	후지카네	ふじかね	
fam	Ōnishi	오니시	おおにし	
giv	Yoritake	요리타케	よりたけ	
giv	Yoriharu	요리하루	よりはる	
fam	Shichijō	시치조	しちじょ	
giv	Kanenaka	가네나카	かねなか	
giv	Narisuke	나리스케	なりすけ	
fam	Samukawa	사무카와	さむかわ	
fam	Takahara	다카하라	たかはら	
giv	Tsugutoshi	쓰구토시	つぐとし	
fam	Hayuka	하유카	はゆか	
giv	Suketoshi	스케토시	すけとし	
fam	Kōno	고노	こうの	
giv	Michinao	미치나오	みちなお	
giv	Michinobu	미치노부	みちのぶ	
giv	Naoshige	나오시게	なおしげ	
fam	Kaneko	가네코	かねこ	
giv	Motoie	모토이에	もといえ	
giv	Fusazane	후사자네	ふさざね	
giv	Naofusa	나오후사	なおふさ	
giv	Takeyoshi	다케요시	たけよし	
fam	Kurushima	구루시마	くるしま	
fam	Saionji	사이온지	さいおん	
giv	Sanemitsu	사네미쓰	さねみつ	
giv	Kinhiro	긴히로	きんひろ	
fam	Kitanogawa	기타노가와	きたのが	
giv	Chikayasu	지카야스	ちかやす	
giv	Kiyoyoshi	기요요시	きよよし	
fam	Hokezu	호케즈	ほけづ	
giv	Sakinobu	사키노부	さきのぶ	
fam	Chōsokabe	조소카베	ちょうそ	
giv	Kunichika	구니치카	くにちか	
giv	Morichika	모리치카	もりちか	
fam	Kira	기라	きら	
giv	Chikasada	지카사다	ちかさだ	
giv	Chikazane	지카자네	ちかざね	
fam	Kōsokabe	고소카베	こうそか	
fam	Kuwana	구와나	くわな	
fam	Tani	다니	たに	
giv	Tadazumi	다다즈미	ただずみ	
fam	Toyonaga	도요나가	とよなが	
fam	Hisatake	히사타케	ひさたけ	
giv	Chikanao	지카나오	ちかなお	
fam	Fukudome	후쿠도메	ふくどめ	
giv	Takayori	다카요리	たかより	
giv	Shigetoshi	시게토시	しげとし	
giv	Yasutoshi	야스토시	やすとし	
fam	Emura	에무라	えむら	
giv	Chikaie	지카이에	ちかいえ	
fam	Motoyama	모토야마	もとやま	
giv	Shigemune	시게무네	しげむね	
fam	Aki	아키	あき	
giv	Kunitora	구니토라	くにとら	
fam	Kumon	구몬	くもん	
giv	Shigetada	시게타다	しげただ	
fam	Kuroiwa	구로이와	くろいわ	
giv	Tanenao	다네나오	たねなお	
fam	Ichijō	이치조	いちじょ	
giv	Kanesada	가네사다	かねさだ	
fam	Ojima	오지마	おじま	
giv	Masaaki	마사아키	まさあき	
fam	Kubokawa	구보카와	くぼかわ	
fam	Takashima	다카시마	たかしま	
fam	Tateishi	다테이시	たていし	
giv	Sōsan	소산	そうさん	
fam	Kii	기이	きい	
giv	Masafusa	마사후사	まさふさ	
giv	Shigefusa	시게후사	しげふさ	
fam	Sada	사다	さだ	
giv	Takaoki	다카오키	たかおき	
giv	Shigetsuna	시게쓰나	しげつな	
fam	Sasaki	사사키	ささき	
giv	Kojirō	고지로	こじろう	
fam	Ōtomo	오토모	おおとも	
fam	Ichimada	이치마다	いちまだ	
fam	Usuki	우스키	うすき	
giv	Akitsugu	아키쓰구	あきつぐ	
giv	Akihaya	아키하야	あきはや	
fam	Saiki	사이키	さいき	
fam	Shiga	시가	しが	
giv	Chikamori	지카모리	ちかもり	
giv	Chikatsugu	지카쓰구	ちかつぐ	
fam	Takita	다키타	たきた	
fam	Tawara	다와라	たわら	
giv	Chikakata	지카카타	ちかかた	
fam	Takahashi	다카하시	たかはし	
giv	Akitane	아키타네	あきたね	
fam	Yoshihiro	요시히로	よしひろ	
fam	Tsunokuma	쓰노쿠마	つのくま	
giv	Sekisō	세키소	せきそう	
fam	Hetsugi	헤쓰기	べつき	
giv	Akitsura	아키쓰라	あきつら	
giv	Munetora	무네토라	むねとら	
giv	Akitada	아키타다	あきただ	
giv	Muneyuki	무네유키	むねゆき	
fam	Tsukushi	쓰쿠시	つくし	
giv	Korekado	고레카도	これかど	
giv	Hirokado	히로카도	ひろかど	
giv	Takatane	다카타네	たかたね	
giv	Nobutane	노부타네	のぶたね	
fam	Akizuki	아키즈키	あきづき	
giv	Fumitane	후미타네	ふみたね	
giv	Tanezane	다네자네	たねざね	
fam	Kamachi	가마치	かまち	
giv	Akimori	아키모리	あきもり	
giv	Shigenami	시게나미	しげなみ	
fam	Tajiri	다지리	たじり	
fam	Monjūjo	몬주조	もんぢゅ	
fam	Egami	에가미	えがみ	
giv	Taketane	다케타네	たけたね	
fam	Kumashiro	구마시로	くましろ	
fam	Ryūzōji	류조지	りゅうぞ	
giv	Naganobu	나가노부	ながのぶ	
giv	Ieharu	이에하루	いえはる	
fam	Nabeshima	나베시마	なべしま	
giv	Kiyofusa	기요후사	きよふさ	
fam	Eriguchi	에리구치	えりぐち	
giv	Nobutsune	노부쓰네	のぶつね	
fam	Enjōji	엔조지	えんじょ	
fam	Narimatsu	나리마쓰	なりまつ	
fam	Hyakutake	햐쿠타케	ひゃくた	
giv	Tomokane	도모카네	ともかね	
fam	Shigyō	시교	しぎょう	
giv	Tanekane	다네카네	たねかね	
fam	Naritomi	나리토미	なりとみ	
fam	Matsura	마쓰라	まつら	
fam	Arima	아리마	ありま	
giv	Haruzumi	하루즈미	はるずみ	
giv	Yoshisada	요시사다	よしさだ	
fam	Yasutomi	야스토미	やすとみ	
giv	Sumiharu	스미하루	すみはる	
giv	Sumiyasu	스미야스	すみやす	
fam	Ōmura	오무라	おおむら	
giv	Sumitada	스미타다	すみただ	
giv	Yoshisaki	요시사키	よしさき	
fam	Akahoshi	아카호시	あかほし	
giv	Muneie	무네이에	むねいえ	
fam	Kumabe	구마베	くまべ	
fam	Jō	조	じょう	
giv	Chikafuyu	지카후유	ちかふゆ	
giv	Chikamoto	지카모토	ちかもと	
fam	Aso	아소	あそ	
giv	Koretoyo	고레토요	これとよ	
giv	Koretane	고레타네	これたね	
giv	Koremitsu	고레미쓰	これみつ	
fam	Kai	가이	かい	
giv	Chikahide	지카히데	ちかひで	
fam	Takamori	다카모리	たかもり	
giv	Korenao	고레나오	これなお	
fam	Sagara	사가라	さがら	
giv	Haruhiro	하루히로	はるひろ	
giv	Yoshihi	요시히	よしひ	
giv	Yorifusa	요리후사	よりふさ	
fam	Uemura	우에무라	うえむら	
giv	Yorioki	요리오키	よりおき	
fam	Indō	인도	いんどう	
giv	Yorimori	요리모리	よりもり	
giv	Yoriuji	요리우지	よりうじ	
fam	Fukami	후카미	ふかみ	
giv	Nagatomo	나가토모	ながとも	
fam	Marume	마루메	まるめ	
fam	Itō	이토	いとう	
giv	Yoshimasu	요시마스	よします	
giv	Sukenori	스케노리	すけのり	
fam	Kawasaki	가와사키	かわさき	
giv	Sukenaga	스케나가	すけなが	
fam	Kiwaki	기와키	きわき	
giv	Sukemori	스케모리	すけもり	
fam	Nagakura	나가쿠라	ながくら	
fam	Yamada	야마다	やまだ	
giv	Munemasa	무네마사	むねまさ	
fam	Kimotsuki	기모쓰키	きもつき	
giv	Kanemori	가네모리	かねもり	
fam	Ijichi	이지치	いじち	
fam	Nejime	네지메	ねじめ	
giv	Shigetake	시게타케	しげたけ	
giv	Shigehira	시게히라	しげひら	
fam	Yakumaru	야쿠마루	やくまる	
giv	Kanemasa	가네마사	かねまさ	
giv	Jisshinsai	짓신사이	じっしん	
giv	Takahisa	다카히사	たかひさ	
giv	Tadatsune	다다쓰네	ただつね	
giv	Toshihisa	도시히사	としひさ	
giv	Iehisa	이에히사	いえひさ	
giv	Toyohisa	도요히사	とよひさ	
fam	Ijūin	이주인	いじゅう	
giv	Tadaaki	다다아키	ただあき	
giv	Tadaao	다다아오	ただあお	
giv	Tadamune	다다무네	ただむね	
fam	Uwai	우와이	うわい	
giv	Kakuken	가쿠켄	かくけん	
fam	Ei	에이	えい	
giv	Hisatora	히사토라	ひさとら	
fam	Kabayama	가바야마	かばやま	
giv	Hisataka	히사타카	ひさたか	
fam	Saruwatari	사루와타리	さるわた	
fam	Tanegashima	다네가시마	たねがし	
giv	Satotoki	사토토키	さととき	
giv	Tokitaka	도키타카	ときたか	
fam	Chōjuin	조주인	ちょうじ	
giv	Moriatsu	모리아쓰	もりあつ	
fam	Niiro	니이로	にいろ	
giv	Tadamoto	다다모토	ただもと	
fam	Hongō	혼고	ほんごう	
giv	Tokihisa	도키히사	ときひさ	
giv	Arinobu	아리노부	ありのぶ	
giv	Arinaga	아리나가	ありなが	
giv	Yoshitora	요시토라	よしとら	
fam	Kawakami	가와카미	かわかみ	
giv	Hisaaki	히사아키	ひさあき	
giv	Mitsumune	미쓰무네	みつむね	
giv	Sōun	소운	そううん	
giv	Dōkan	도칸	どうかん	
giv	Tsunehisa	쓰네히사	つねひさ	
giv	Ujichika	우지치카	うじちか	
giv	Tamekage	다메카게	ためかげ	
giv	Nobuhide	노부히데	のぶひで	
giv	Iekane	이에카네	いえかね	
giv	Rennyo	렌뇨	れんにょ	
giv	Minami	미나미	みなみ	
giv	Chiyo	지요	ちよ	
giv	Hana	하나	はな	
giv	Hamare	호마레	ほまれ	override
giv	Yui	유이	ゆい	
giv	Momo	모모	もも	
giv	Kiri	기리	きり	
giv	Tatsu	다쓰	たつ	
giv	Murasaki	무라사키	むらさき	
giv	Ōgi	오기	おうぎ	
giv	Kichō	기초	きちょう	
giv	Ryō	료	りょう	
giv	Miyako	미야코	みやこ	
giv	Haru	하루	はる	
giv	Asa	아사	あさ	
giv	Tsuya	쓰야	つや	
giv	Rei	레이	れい	
giv	Hikaru	히카루	ひかる	
giv	Aoi	아오이	あおい	
giv	Mine	미네	みね	
giv	Fuku	후쿠	ふく	
giv	Sena	세나	せな	
giv	Aya	아야	あや	
giv	Akira	아키라	あきら	
giv	Ume	우메	うめ	
giv	Chiyogiku	지요기쿠	ちよぎく	
giv	Midori	미도리	みどり	
giv	Kei	게이	けい	
giv	Miru	미루	みる	
giv	Uta	우타	うた	
giv	Nae	나에	なえ	
giv	Kita	기타	きた	
giv	Ichi	이치	いち	
giv	Yoshi	요시	よし	
giv	Hotaru	호타루	ほたる	
giv	Uji	우지	うじ	
giv	Tae	다에	たえ	
giv	Iku	이쿠	いく	
giv	Inu	이누	いぬ	
giv	Mari	마리	まり	
giv	Hitomi	히토미	ひとみ	
giv	Mutsumi	무쓰미	むつみ	
giv	Hide	히데	ひで	
giv	Kiyo	기요	きよ	
giv	Madoka	마도카	まどか	
giv	Sen	센	せん	
giv	Tei	데이	てい	
giv	Fuyu	후유	ふゆ	
giv	Kiku	기쿠	きく	
giv	Azuma	아즈마	あずま	
giv	Mitsuru	미쓰루	みつる	
giv	Tsuru	쓰루	つる	
giv	Gotoku	고토쿠	ごとく	
giv	Matsu	마쓰	まつ	
giv	Shizuka	시즈카	しずか	
giv	Tamako	다마코	たまこ	
giv	Tora	도라	とら	
giv	Koshōshō	고쇼쇼		
giv	Toku	도쿠	とく	
giv	Natsu	나쓰	なつ	
giv	Hideko	히데코	ひでこ	
giv	Chacha	자차	ちゃちゃ	
giv	Hatsu	하쓰	はつ	
giv	Ginchiyo	긴치요	ぎんちよ	
giv	Masa	마사	まさ	
giv	Maa	마아	まあ	
giv	Take	다케	たけ	
giv	Ogō	오고	おごう	
giv	Komatsu	고마쓰	こまつ	
giv	Gō	고	ごう	
giv	Kazu	가즈	かず	
giv	Kuma	구마	くま	
giv	Yome	요메	よめ	
giv	Kaji	가지	かじ	
giv	Fuji	후지	ふじ	
giv	Nao	나오	なお	
giv	Koma	고마	こま	
giv	Iroha	이로하	いろは	
giv	Akitaka	아키타카	あきたか	
giv	Michitsuna	미치쓰나	みちつな	
giv	Tadakazu	다다카즈	ただかず	
giv	Yaemon	야에몬	やえもん	
giv	Moritsugu	모리쓰구	もりつぐ	
fam	Unno	운노	うんの	
giv	Okitoyo	오키토요	おきとよ	
giv	Munechika	무네치카	むねちか	
giv	Narizane	나리자네	なりざね	
giv	Shōgen	쇼겐	しょうげ	
giv	Nagakage	나가카게	ながかげ	
giv	Noriyori	노리요리	のりより	
giv	Fujimitsu	후지미쓰	ふじみつ	
giv	Okiie	오키이에	おきいえ	
giv	Fusamoto	후사모토	ふさもと	
giv	Iezumi	이에즈미	いえずみ	
giv	Masaharu	마사하루	まさはる	
giv	Kiyosue	다카스에	たかすえ	override
giv	Sadayori	사다요리	さだより	
giv	Dōetsu	도에쓰	どうえつ	
giv	Norihiro	노리히로	のりひろ	
fam	Imai	이마이	いまい	
giv	Sōkyū	소큐	そうきゅ	
fam	Sen	센	せん	
giv	Rikyū	리큐	りきゅう	
giv	Sōgyū	소규	そうぎゅ	
fam	Kikutei	기쿠테이	きくてい	
giv	Harusue	하루스에	はるすえ	
fam	Konoe	고노에	このえ	
giv	Sakihisa	사키히사	さきひさ	
fam	Yamashina	야마시나	やましな	
giv	Tokitsugu	도키쓰구	ときつぐ	
fam	Kaisen	가이센	かいせん	
giv	Jōki	조키	じょうき	
fam	Takugen	다쿠겐	たくげん	
giv	Sōon	소온	そうおん	
fam	Chōzan	조잔	ちょうざ	
giv	Nichijō	니치조	にちじょ	
fam	Sotelo	소텔로	そて	override
fam	Frois	프로이스	ふろ	override
fam	Almeida	알메이다	ある	override
giv	Sakichi	사키치	さきち	
giv	Maid	시녀		override
giv	Gishū	기슈	ぎしゅう	
giv	Old man	노인	ろうじん	override
giv	Farmer	농민	のうみん	override
giv	Musketeer	철포병	てっぽう	override
giv	Priest	승려	そうりょ	override
giv	Noble	공가	くげ	override
fam	Nihonmatsu	니혼마쓰	にほんま	
giv	Page	시동	こしょう	override
fam	Dotagozen	도타고젠	どた	
giv	Chief	조장	くみがし	override
giv	Infantry	아시가루	あしがる	override
giv	Retainer	가신	かしん	override
giv	Minister	가로	かろう	override
giv	Messenger	전령	でんれい	override
giv	Ninja	닌자	にんじゃ	override
giv	Samurai	사무라이	さむらい	override
giv	One	오네	おね	
region	Ezo	에조	えぞ	
region	Mutsu	무쓰	むつ	
region	Dewa	데와	でわ	
region	Kantō	간토	かんとう	
region	Kōshin	고신	こうしん	
region	Hokuriku	호쿠리쿠	ほくりく	
region	Tōkai	도카이	とうかい	
region	Kinki	긴키	きんき	
region	Sanyō	산요	さんよう	override
region	Sanin	산인	さんいん	override
region	Shikoku	시코쿠	しこく	
region	Kyūshū	규슈	きゅうし	
province	Ezo	에조	えぞ	
province	East Mutsu	동무쓰		override
province	West Mutsu	서무쓰	にしむつ	override
province	Rikuchū	리쿠추		
province	Rikuzen	리쿠젠	りくぜん	
province	Iwaki	이와키	いわき	
province	Iwashiro	이와시로	いわしろ	
province	Ugo	우고	うご	
province	Uzen	우젠	うぜん	
province	Hitachi	히타치	ひたち	
province	Shimōsa	시모사	しもうさ	
province	Awa-Kazusa	아와·가즈사		
province	Shimotsuke	시모쓰케	しもつけ	
province	Kōzuke	고즈케	こうずけ	
province	Musashi	무사시	むさし	
province	Sagami-Izu	사가미·이즈		
province	Kai	가이	かい	
province	Shinano	시나노	しなの	
province	North Echigo	북에치고		override
province	South Echigo	남에치고		override
province	Etchū	엣추		
province	Noto	노토	のと	
province	Kaga	가가	かが	
province	Echizen-Wakasa	에치젠·와카사		
province	Suruga	스루가	するが	
province	Mikawa-Tōtōmi	미카와·도토미		override
province	Owari	오와리	おわり	
province	Mino	미노	みの	
province	Hida	히다	ひだ	
province	Iseshima	이세시마	いせしま	
province	North Ōmi	북오미		override
province	South Ōmi	남오미		override
province	Yamashiro	야마시로	やましろ	
province	Tango	단고	たんご	
province	Tanba	단바	たんば	
province	Kawachi-Izumi	가와치·이즈미		
province	Settsu	셋쓰	せっつ	
province	Iga-Yamato	이가·야마토		
province	Kii	기이	きい	
province	Harima	하리마	はりま	
province	Bizen-Bicchū	비젠·빗추		override
province	Aki-Bingo	아키·빈고		
province	Suō-Nagato	스오·나가토		override
province	Inaba-Tajima	이나바·다지마		
province	Izumo-Iwami	이즈모·이와미		
province	Sanuki-Awa	사누키·아와		
province	North Iyo	북이요	きたいよ	override
province	South Iyo	남이요		override
province	East Tosa	동도사		override
province	West Tosa	서도사	にしとさ	override
province	Buzen	부젠	ぶぜん	
province	Bungo	분고	ぶんご	
province	Chikuzen-Chikugo	지쿠젠·지쿠고		
province	North Hizen	북히젠		override
province	South Hizen	남히젠		override
province	North Higo	북히고	きたひご	override
province	South Higo	남히고		override
province	Hyūga	휴가	ひゅうが	
province	Satsuma	사쓰마	さつま	
province	Ōsumi	오스미	おおすみ	
giv	Motoyasu	모토야스	もとやす	
fam	Anekōji	아네코지	あねがこ	
giv	Shingen	신겐	しんげん	
fam	Wakebe	와케베	わけべ	
fam	Tsugawa	쓰가와	つがわ	
fam	Keitoku	게이토쿠	けいとく	
giv	Jōtei	조테이		
giv	Kenshin	겐신	けんしん	
fam	Nishina	니시나	にしな	
giv	Sōrin	소린	そうりん	
fam	Yura	유라	ゆら	
giv	Joan	조안	じょあん	
giv	Kagekatsu	가게카쓰	かげかつ	
fam	Yamagata	야마가타	やまがた	
fam	Tokugawa	도쿠가와	とくがわ	
giv	Ieyasu	이에야스	いえやす	
giv	Shishisai	시시사이	ししさい	
giv	Sagetsusai	사게쓰사이		
giv	Sanrakusai	산라쿠사이		
giv	Bokuzen	보쿠젠	ぼくぜん	
giv	Mankisai	만키사이		
fam	Orii	오리이	おりい	
giv	Ittetsu	잇테쓰	いってつ	
fam	Takada	다카다	たかだ	
fam	Jōjō	조조	じょうじ	
fam	Tsugaru	쓰가루	つがる	
fam	Tachibana	다치바나	たちばな	
giv	Dōsetsu	도세쓰	どうせつ	
giv	Shōyōken	쇼요켄		
fam	Tsuchihashi	쓰치하시	つちはし	
giv	Nobuakira	노부아키라		
fam	Agui	아구이	あぐい	
fam	Katsurada	가쓰라다	かつらだ	
giv	Nagatoshi	나가토시	ながとし	
fam	Hashiba	하시바	はしば	
giv	Shōgan	쇼간		
fam	Shirakawa	시라카와	しらかわ	
fam	Yamaura	야마우라	やまうら	
giv	Baisetsu	바이세쓰	ばいせつ	
giv	Dōkyū	도큐		
giv	Muneshige	무네시게	むねしげ	
giv	Shōnin	쇼닌		
fam	Hoida	호이다	ほいだ	
giv	Shōun	쇼운		
fam	Yoda	요다	よだ	
giv	Dōkun	도쿤	どうくん	
giv	Yūsai	유사이	ゆうさい	
giv	Urakusai	우라쿠사이		
giv	Yorisato	요리사토	よりさと	
giv	Hidetoshi	히데토시	ひでとし	
fam	Toyotomi	도요토미	とよとみ	
fam	Akita	아키타	あきた	
giv	Ryūhaku	류하쿠		
fam	Moniwa	모니와	もにわ	
giv	Sekishūsai	세키슈사이		
fam	Ono	오노	おの	
giv	Ichimu	이치무	いちむ	
fam	Matsumae	마쓰마에	まつまえ	
fam	Sakazaki	사카자키	さかざき	
giv	Naomori	나오모리	なおもり	
giv	Ishinsai	이신사이		
giv	Sansai	산사이	さんさい	
fam	Gifu	기후	ぎふ	
giv	Castle	성	じょう	override
fam	Nijō	니조	にじょう	
giv	Palace	고쇼	ごしょ	override
fam	Nagahama	나가하마	ながはま	
fam	Azuchi	아즈치	あづち	
fam	Ōsaka	오사카	おおさか	
castle	Tokuyama Palace	도쿠야마다테	とくやまだて	override
castle	Hakodate Port	하코다테항		
castle	Sannohe Castle	산노헤성	さんのへじょ	
castle	Kuji Port	구지항	くじみなと	
castle	Ishikawa Castle	이시카와성	いしかわじょ	
castle	Tosa Port	도사항	とさみなと	
castle	Namioka Castle	나미오카성	なみおかじょ	
castle	Kōsuiji Castle	고스이지성	こうすいじじ	
castle	Kunohe Castle	구노헤성	くのへじょう	
castle	Toyagasaki Castle	도야가사키성	とやがさきじ	
castle	Iwadeyama Castle	이와데야마성	いわでやまじ	
castle	Shiogama Port	시오가마항		
castle	Odaka Castle	오다카성	おだかじょう	
castle	Sōmanakamura Castle	소마나카무라성	そうまなかむ	
castle	Taira Castle	다이라성	たいらじょう	
castle	Kurokawa Castle	구로카와성	くろかわじょ	
castle	Nihonmatsu Castle	니혼마쓰성	にほんまつじ	
castle	Hiyama Castle	히야마성	ひやまじょう	
castle	Tsuchizaki Port	쓰치자키항		
castle	Ōdate Castle	오다테성	おおだてじょ	
castle	Yamagata Castle	야마가타성	やまがたじょ	
castle	Sakata Port	사카타항	さかたみなと	
castle	Yonezawa Castle	요네자와성	よねざわじょ	
castle	Ōta Castle	오타성	おおたじょう	
castle	Kashima Port	가시마항	かしまみなと	
castle	Koga Palace	고가고쇼	こがごしょ	override
castle	Motosakura Castle	모토사쿠라성	もとさくらじ	
castle	Kururi Castle	구루리성	くるりじょう	
castle	Okamoto Port	오카모토항		
castle	Utsunomiya Castle	우쓰노미야성	うつのみやじ	
castle	Karasuyama Castle	가라스야마성	からすやまじ	
castle	Karasawayama Castle	가라사와야마성	からさわやま	
castle	Minowa Castle	미노와성	みのわじょう	
castle	Numata Castle	누마타성	ぬまたじょう	
castle	Hirai Castle	히라이성	ひらいじょう	
castle	Iwatsuki Castle	이와쓰키성	いわつきじょ	
castle	Kawagoe Castle	가와고에성	かわごえじょ	
castle	Hachiōji Castle	하치오지성	はちおうじじ	
castle	Odawara Castle	오다와라성	おだわらじょ	
castle	Shimoda Port	시모다항	しもだみなと	
castle	Kōkokuji Castle	고코쿠지성	こうこくじじ	
castle	Tsutsujigasaki Palace	쓰쓰지가사키야카타		override
castle	Fukashi Castle	후카시성	ふかしじょう	
castle	Kaizu Castle	가이즈성	かいづじょう	
castle	Iida Castle	이이다성	いいだじょう	
castle	Shibata Castle	시바타성	しばたじょう	
castle	Tochio Castle	도치오성	とちおじょう	
castle	Kasugayama Castle	가스가야마성	かすがやまじ	
castle	Kashiwazaki Port	가시와자키항		
castle	Toyama Castle	도야마성	とやまじょう	
castle	Uozu Castle	우오즈성	うおづじょう	
castle	Hasunuma Castle	하스누마성	はすぬまじょ	
castle	Nanao Castle	나나오성	ななおじょう	
castle	Wajima Port	와지마항	わじまみなと	
castle	Oyama Temple	오야마고보	おやまごぼう	override
castle	Daisyōji Castle	다이쇼지성	だいしょうじ	override
castle	Ichijōdani Castle	이치조다니성	いちじょうだ	
castle	Tsuruga Port	쓰루가항	つるがみなと	
castle	Sunpu Castle	슨푸성	すんぷじょう	
castle	Takatenjin Castle	다카텐진성	たかてんじん	
castle	Okazaki Castle	오카자키성	おかざきじょ	
castle	Hamamatsu Port	하마마쓰항		
castle	Kiyosu Castle	기요스성	きよすじょう	
castle	Komakiyama Castle	고마키야마성	こまきやまじ	
castle	Inabayama Castle	이나바야마성	いなばやまじ	
castle	Iwamura Castle	이와무라성	いわむらじょ	
castle	Ōgaki Castle	오가키성	おおがきじょ	
castle	Sakurabora Castle	사쿠라보라성	さくらぼらじ	
castle	Kiriyama Palace	기리야마고쇼		override
castle	Toba Port	도바항	とばみなと	
castle	Kameyama Castle	가메야마성	かめやまじょ	
castle	Odani Castle	오다니성	おだにじょう	
castle	Sakamoto Castle	사카모토성	さかもとじょ	
castle	Kannonji Castle	간논지성	かんのんじじ	
castle	Muromachi Palace	무로마치고쇼		override
castle	Shōryūji Castle	쇼류지성	しょうりゅう	
castle	Yumiki Castle	유미키성	ゆみきじょう	
castle	Takebeyama Castle	다케베야마성	たけべやまじ	
castle	Yakami Castle	야카미성	やかみじょう	
castle	Sonobe Castle	소노베성	そのべじょう	
castle	Kishiwada Castle	기시와다성	きしわだじょ	
castle	Sakai Port	사카이항	さかいみなと	
castle	Ishiyama Temple	이시야마고보		override
castle	Tsutsui Castle	쓰쓰이성	つついじょう	
castle	Igaueno Castle	이가우에노성	いがうえのじ	
castle	Saika Castle	사이카성	さいかじょう	
castle	Kumano Port	구마노항	くまのみなと	
castle	Himeji Castle	히메지성	ひめじじょう	
castle	Okayama Castle	오카야마성	おかやまじょ	
castle	Shimotsui Port	시모쓰이항		
castle	Bicchūtakamatsu Castle	빗추타카마쓰성	びっちゅうた	
castle	Yoshidakōriyama Castle	요시다코리야마성	よしだこおり	
castle	Nojima Port	노지마항	のじまみなと	
castle	Satōkanayama Castle	사토카나야마성	さとうかなや	
castle	Yamaguchi Palace	야마구치야카타		override
castle	Shimonoseki Port	시모노세키항		
castle	Tottori Castle	돗토리성	とっとりじょ	
castle	Konosumi Castle	고노스미성	このすみじょ	
castle	Yabase Castle	야바세성	やばせじょう	
castle	Gassantoda Castle	갓산토다성	がっさんとだ	
castle	Mihonoseki Port	미호노세키항		
castle	Hamada Castle	하마다성	はまだじょう	
castle	Shōzui Castle	쇼즈이성	しょうずいじ	
castle	Utazu Port	우타즈항	うたづみなと	
castle	Yuzuki Castle	유즈키성	ゆづきじょう	
castle	Imabari Port	이마바리항		
castle	Kawanoe Castle	가와노에성	かわのえじょ	
castle	Kurose Castle	구로세성	くろせじょう	
castle	Itajima Port	이타지마항		
castle	Okō Castle	오코성	おこうじょう	
castle	Muroto Port	무로토항	むろとみなと	
castle	Nakamura Palace	나카무라고쇼		override
castle	Kiidani Castle	기이다니성	きいだにじょ	
castle	Moji Port	모지항	もじみなと	
castle	Funai Palace	후나이야카타	ふないやかた	override
castle	Saiki Port	사이키항	さいきみなと	
castle	Tachibanayama Castle	다치바나야마성	たちばなやま	
castle	Hakata Port	하카타항	はかたみなと	
castle	Muranaka Castle	무라나카성	むらなかじょ	
castle	Ōmura Castle	오무라성	おおむらじょ	
castle	Nagasaki Port	나가사키항		
castle	Kumamoto Castle	구마모토성	くまもとじょ	
castle	Uchinomaki Castle	우치노마키성	うちのまきじ	
castle	Hitoyoshi Castle	히토요시성	ひとよしじょ	
castle	Yatsushiro Castle	야쓰시로성	やつしろじょ	
castle	Sadowara Castle	사도와라성	さどわらじょ	
castle	Aburatsu Port	아부라쓰항		
castle	Agata Castle	아가타성	あがたじょう	
castle	Uchi Castle	우치성	うちじょう	
castle	Bōnotsu Port	보노쓰항		override
castle	Izumi Castle	이즈미성	いずみじょう	
castle	Kimotsuki Castle	기모쓰키성	きもつきじょ	
castle	Kajiki Castle	가지키성	かじきじょう	
clan	Kakizaki	가키자키	かきざき	
clan	Nanbu	난부	なんぶ	
clan	Shiba	시바	しば	
clan	Sōma	소마	そうま	
clan	Ashina	아시나	あしな	
clan	Antō	안토	あんとう	
clan	Mogami	모가미	もがみ	
clan	Date	다테	だて	
clan	Satake	사타케	さたけ	
clan	Ashikaga	아시카가	あしかが	
clan	Satomi	사토미	さとみ	
clan	Utsunomiya	우쓰노미야	うつのみの	
clan	Nagano	나가노	ながの	
clan	Ōta	오타	おおた	
clan	Hōjō	호조		
clan	Takeda	다케다	たけだ	
clan	Nagao	나가오	ながお	
clan	Jinbō	진보	じんぼう	
clan	Hatakeyama	하타케야마		
clan	Asakura	아사쿠라	あさくら	
clan	Imagawa	이마가와	いまがわ	
clan	Oda	오다	おだ	
clan	Saitō	사이토	さいとう	
clan	Mitsugi	미쓰기	みつぎ	
clan	Kitabatake	기타바타케	きたばたせ	
clan	Azai	아자이	あざい	
clan	Rokkaku	롯카쿠	ろっかく	
clan	Hatano	하타노	はたの	
clan	Isshiki	잇시키	いっしき	
clan	Honganji	혼간지	ほんがん	
clan	Miyoshi	미요시	みよし	
clan	Tsutsui	쓰쓰이	つつい	
clan	Suzuki	스즈키	すずき	
clan	Akamatsu	아카마쓰	あかまつ	
clan	Uragami	우라가미	うらがみ	
clan	Mōri	모리	もうり	
clan	Ōuchi	오우치	おおうち	
clan	Yamana	야마나	やまな	
clan	Amago	아마고	あまご	
clan	Kōno	고노	こうの	
clan	Saionji	사이온지		
clan	Chōsokabe	조소카베		
clan	Ichijō	이치조	いちじょ	
clan	Ōtomo	오토모	おおとも	
clan	Ryūzōji	류조지	りゅうぞ	
clan	Arima	아리마	ありま	
clan	Aso	아소	あそ	
clan	Sagara	사가라	さがら	
clan	Itō	이토	いとう	
clan	Shimazu	시마즈	しまづ	
clan	Kimotsuki	기모쓰키	きもつき	
castle	Yūki Castle	유키성	ゆうきじょう	
castle	Kōnomine Castle	고노미네성	こうのみねじ	
clan	Yūki	유키	ゆうき	
clan	Uesugi	우에스기	うえすぎ	
clan	Matsudaira	마쓰다이라		
clan	Anekōji	아네코지		
castle	Gifu Castle	기후성	ぎふじょう	
castle	Kiriyama Castle	기리야마성	きりやまじょ	
castle	Nijō Palace	니조고쇼		override
clan	Tokugawa	도쿠가와	とくがわ	
castle	Ōura Castle	오우라성	おおうらじょ	
castle	Ueda Castle	우에다성	うえだじょう	
castle	Oyama Castle	오야마성	おやまじょう	
castle	Kitanoshō Castle	기타노쇼성	きたのしょう	
castle	Matsukura Castle	마쓰쿠라성	まつくらじょ	
castle	Nagahama Castle	나가하마성	ながはまじょ	
castle	Azuchi Castle	아즈치성	あづちじょう	
castle	Ishiyama Castle	이시야마성	いしやまじょ	
castle	Yamatokōriyama Castle	야마토코리야마성	やまとこおり	
castle	Nakamura Castle	나카무라성	なかむらじょ	
clan	Tsugaru	쓰가루	つがる	
clan	Sanada	사나다	さなだ	
clan	Ukita	우키타	うきた	
clan	Shibata	시바타	しばた	
clan	Hashiba	하시바	はしば	
clan	Akechi	아케치	あけち	
castle	Ōsaka Castle	오사카성	おおさかじょ	
clan	Matsunaga	마쓰나가	まつなが	
fam	Sakanoue	사카노우에	さかのう	
giv	Tamuramaro	다무라마로		
giv	Takauji	다카우지		
giv	Yoshinaka	요시나카		
fam	Kusunoki	구스노키	くすのき	
fam	Sugawara	스가와라	すがわら	
giv	Michizane	미치자네		
giv	Goemon	고에몬		
fam	Tsukahara	쓰카하라	つかはら	
giv	Bokuden	보쿠덴		
fam	Ruson	루손	るそん	
giv	Sukezaemon	스케자에몬		
fam	Minamoto	미나모토	みなもと	
giv	Yoshitsune	요시쓰네		
fam	Musashibō	무사시보	むさしぼ	
giv	Benkei	벤케이		
giv	Sōzen	소젠		
fam	Yamato	야마토	やまと	
giv	Takeru	다케루		
fam	Taira	다이라	たいら	
giv	Masakado	마사카도		
giv	Seimei	세이메이		
giv	Tokimune	도키무네		
